/*
 Navicat Premium Data Transfer

 Source Server         : localhost_MySQL
 Source Server Type    : MySQL
 Source Server Version : 50728
 Source Host           : localhost:3306
 Source Schema         : crtvn

 Target Server Type    : MySQL
 Target Server Version : 50728
 File Encoding         : 65001

 Date: 10/01/2020 19:37:31
*/

create database crtvn;

SET NAMES utf8mb4;
SET FOREIGN_KEY_CHECKS = 0;

-- ----------------------------
-- Table structure for academician
-- ----------------------------
DROP TABLE IF EXISTS `academician`;
CREATE TABLE `academician`  (
  `id` int(11) NOT NULL AUTO_INCREMENT,
  `employee_no` varchar(20) CHARACTER SET utf8 COLLATE utf8_general_ci NOT NULL,
  `CID` int(11) NOT NULL,
  `name` varchar(10) CHARACTER SET utf8 COLLATE utf8_general_ci NOT NULL,
  `password` varchar(16) CHARACTER SET utf8 COLLATE utf8_general_ci NOT NULL,
  `reserve1` int(11) NULL DEFAULT NULL,
  `reserve2` varchar(50) CHARACTER SET utf8 COLLATE utf8_general_ci NULL DEFAULT NULL,
  PRIMARY KEY (`id`) USING BTREE,
  UNIQUE INDEX `UKu83wngvox6mm6hq5cqn0h90t`(`employee_no`) USING BTREE,
  INDEX `academician_ibfk_1`(`CID`) USING BTREE,
  CONSTRAINT `FKmbli76mp2cp5tef1ytt6vxbum` FOREIGN KEY (`CID`) REFERENCES `college` (`id`) ON DELETE RESTRICT ON UPDATE RESTRICT,
  CONSTRAINT `academician_ibfk_1` FOREIGN KEY (`CID`) REFERENCES `college` (`id`) ON DELETE RESTRICT ON UPDATE RESTRICT
) ENGINE = InnoDB AUTO_INCREMENT = 6 CHARACTER SET = utf8 COLLATE = utf8_general_ci ROW_FORMAT = Compact;

-- ----------------------------
-- Records of academician
-- ----------------------------
INSERT INTO `academician` VALUES (1, '12303001', 1, '刘伟', '123456', NULL, NULL);
INSERT INTO `academician` VALUES (2, '12303002', 2, '张敏', '123456', NULL, NULL);
INSERT INTO `academician` VALUES (5, '12303003', 3, '王杰', '123456', NULL, NULL);

-- ----------------------------
-- Table structure for admin
-- ----------------------------
DROP TABLE IF EXISTS `admin`;
CREATE TABLE `admin`  (
  `id` int(11) NOT NULL AUTO_INCREMENT,
  `name` varchar(20) CHARACTER SET utf8 COLLATE utf8_general_ci NOT NULL,
  `password` varchar(16) CHARACTER SET utf8 COLLATE utf8_general_ci NOT NULL,
  PRIMARY KEY (`id`) USING BTREE,
  UNIQUE INDEX `UK_5cca88c6i17ttuegcvdkgehah`(`name`) USING BTREE,
  UNIQUE INDEX `UK5cca88c6i17ttuegcvdkgehah`(`name`) USING BTREE
) ENGINE = InnoDB AUTO_INCREMENT = 2 CHARACTER SET = utf8 COLLATE = utf8_general_ci ROW_FORMAT = Compact;

-- ----------------------------
-- Records of admin
-- ----------------------------
INSERT INTO `admin` VALUES (1, 'admin', 'admin');

-- ----------------------------
-- Table structure for classroom
-- ----------------------------
DROP TABLE IF EXISTS `classroom`;
CREATE TABLE `classroom`  (
  `id` int(11) NOT NULL AUTO_INCREMENT,
  `CID` int(11) NULL DEFAULT NULL,
  `code` varchar(20) CHARACTER SET utf8 COLLATE utf8_general_ci NOT NULL,
  `status` int(11) NULL DEFAULT NULL,
  `building` int(11) NOT NULL,
  `seats` int(11) NOT NULL,
  `number` int(11) NULL DEFAULT NULL,
  `mark` int(11) NOT NULL,
  `reserve1` int(11) NULL DEFAULT NULL,
  `reserve2` varchar(50) CHARACTER SET utf8 COLLATE utf8_general_ci NULL DEFAULT NULL,
  PRIMARY KEY (`id`) USING BTREE,
  UNIQUE INDEX `UK_tdr76p9pr27cnwrj87dvm6muq`(`code`) USING BTREE,
  UNIQUE INDEX `UKtdr76p9pr27cnwrj87dvm6muq`(`code`) USING BTREE,
  INDEX `classroom_ibfk_1`(`CID`) USING BTREE,
  CONSTRAINT `FK3o2cjt4iu0hxeo8hn4pi6djxk` FOREIGN KEY (`CID`) REFERENCES `college` (`id`) ON DELETE RESTRICT ON UPDATE RESTRICT,
  CONSTRAINT `classroom_ibfk_1` FOREIGN KEY (`CID`) REFERENCES `college` (`id`) ON DELETE RESTRICT ON UPDATE RESTRICT
) ENGINE = InnoDB AUTO_INCREMENT = 21 CHARACTER SET = utf8 COLLATE = utf8_general_ci ROW_FORMAT = Compact;

-- ----------------------------
-- Records of classroom
-- ----------------------------
INSERT INTO `classroom` VALUES (1, 3, '六教101', 1, 6, 60, 30, 1, NULL, NULL);
INSERT INTO `classroom` VALUES (2, 3, '六教102', 1, 6, 60, 30, 1, NULL, NULL);
INSERT INTO `classroom` VALUES (3, 3, '六教103', 1, 6, 60, 30, 1, NULL, NULL);
INSERT INTO `classroom` VALUES (4, 3, '六教201', 1, 6, 60, 30, 1, NULL, NULL);
INSERT INTO `classroom` VALUES (5, 3, '六教202', 1, 6, 60, 30, 1, NULL, NULL);
INSERT INTO `classroom` VALUES (6, 3, '六教203', 1, 6, 60, 30, 1, NULL, NULL);
INSERT INTO `classroom` VALUES (7, 3, '七教101', 1, 7, 60, 30, 1, NULL, NULL);
INSERT INTO `classroom` VALUES (8, 3, '七教102', 1, 7, 60, 30, 1, NULL, NULL);
INSERT INTO `classroom` VALUES (9, 3, '七教103', 1, 7, 60, 30, 1, NULL, NULL);
INSERT INTO `classroom` VALUES (10, 3, '七教201', 1, 7, 60, 30, 1, NULL, NULL);
INSERT INTO `classroom` VALUES (11, 3, '七教202', 1, 7, 60, 30, 1, NULL, NULL);
INSERT INTO `classroom` VALUES (12, 3, '七教203', 1, 7, 60, 30, 1, NULL, NULL);
INSERT INTO `classroom` VALUES (13, 3, '八教101', 1, 8, 60, 30, 1, NULL, NULL);
INSERT INTO `classroom` VALUES (14, 3, '八教102', 1, 8, 60, 30, 1, NULL, NULL);
INSERT INTO `classroom` VALUES (15, 3, '八教103', 1, 8, 60, 30, 1, NULL, NULL);
INSERT INTO `classroom` VALUES (16, 3, '八教201', 1, 8, 60, 30, 1, NULL, NULL);
INSERT INTO `classroom` VALUES (17, 3, '八教202', 2, 8, 60, 30, 1, NULL, NULL);
INSERT INTO `classroom` VALUES (18, 3, '八教203', 2, 8, 60, 30, 1, NULL, NULL);
INSERT INTO `classroom` VALUES (19, 1, '九教101', 1, 9, 60, 30, 1, NULL, NULL);
INSERT INTO `classroom` VALUES (20, 1, '九教102', 1, 9, 60, 30, 1, NULL, NULL);

-- ----------------------------
-- Table structure for classs
-- ----------------------------
DROP TABLE IF EXISTS `classs`;
CREATE TABLE `classs`  (
  `id` int(11) NOT NULL AUTO_INCREMENT,
  `PID` int(11) NOT NULL,
  `code` varchar(50) CHARACTER SET utf8 COLLATE utf8_general_ci NOT NULL,
  `numbers` int(11) NOT NULL,
  `TID` int(11) NOT NULL,
  `reserve1` int(11) NULL DEFAULT NULL,
  `reserve2` varchar(50) CHARACTER SET utf8 COLLATE utf8_general_ci NULL DEFAULT NULL,
  PRIMARY KEY (`id`) USING BTREE,
  INDEX `classs_ibfk_1`(`PID`) USING BTREE,
  INDEX `classs_ibfk_2`(`TID`) USING BTREE,
  CONSTRAINT `FKpgxlhp5d6xauk4h097yrvaub5` FOREIGN KEY (`PID`) REFERENCES `profession` (`id`) ON DELETE RESTRICT ON UPDATE RESTRICT,
  CONSTRAINT `FKqg4pj3ng7aifwkt57ftmva8y5` FOREIGN KEY (`TID`) REFERENCES `teacher` (`id`) ON DELETE RESTRICT ON UPDATE RESTRICT,
  CONSTRAINT `classs_ibfk_1` FOREIGN KEY (`PID`) REFERENCES `profession` (`id`) ON DELETE RESTRICT ON UPDATE RESTRICT,
  CONSTRAINT `classs_ibfk_2` FOREIGN KEY (`TID`) REFERENCES `teacher` (`id`) ON DELETE RESTRICT ON UPDATE RESTRICT
) ENGINE = InnoDB AUTO_INCREMENT = 10 CHARACTER SET = utf8 COLLATE = utf8_general_ci ROW_FORMAT = Compact;

-- ----------------------------
-- Records of classs
-- ----------------------------
INSERT INTO `classs` VALUES (1, 11, '软件工程1501', 40, 1, NULL, NULL);
INSERT INTO `classs` VALUES (2, 11, '软件工程1502', 41, 2, NULL, NULL);
INSERT INTO `classs` VALUES (3, 11, '软件工程1503', 40, 3, NULL, NULL);
INSERT INTO `classs` VALUES (4, 12, '计科1501', 52, 4, NULL, NULL);
INSERT INTO `classs` VALUES (5, 12, '计科1502', 52, 5, NULL, NULL);
INSERT INTO `classs` VALUES (6, 12, '计科1503', 52, 6, NULL, NULL);
INSERT INTO `classs` VALUES (7, 13, '电商1501', 53, 7, NULL, NULL);
INSERT INTO `classs` VALUES (8, 13, '电商1502', 54, 8, NULL, NULL);
INSERT INTO `classs` VALUES (9, 13, '电商1503', 43, 9, NULL, NULL);

-- ----------------------------
-- Table structure for classselection
-- ----------------------------
DROP TABLE IF EXISTS `classselection`;
CREATE TABLE `classselection`  (
  `id` int(11) NOT NULL AUTO_INCREMENT,
  `CSID` int(11) NOT NULL,
  `COID` int(11) NOT NULL,
  `reserve1` int(11) NULL DEFAULT NULL,
  `reserve2` varchar(50) CHARACTER SET utf8 COLLATE utf8_general_ci NULL DEFAULT NULL,
  PRIMARY KEY (`id`) USING BTREE,
  INDEX `classselection_ibfk_1`(`CSID`) USING BTREE,
  INDEX `classselection_ibfk_2`(`COID`) USING BTREE,
  CONSTRAINT `FKbi9vtqoux782qp5mvr32bt4gq` FOREIGN KEY (`COID`) REFERENCES `course` (`id`) ON DELETE RESTRICT ON UPDATE RESTRICT,
  CONSTRAINT `FKqxpn6bnpp0slvlit4hb70qqdy` FOREIGN KEY (`CSID`) REFERENCES `classs` (`id`) ON DELETE RESTRICT ON UPDATE RESTRICT,
  CONSTRAINT `classselection_ibfk_1` FOREIGN KEY (`CSID`) REFERENCES `classs` (`id`) ON DELETE RESTRICT ON UPDATE RESTRICT,
  CONSTRAINT `classselection_ibfk_2` FOREIGN KEY (`COID`) REFERENCES `course` (`id`) ON DELETE RESTRICT ON UPDATE RESTRICT
) ENGINE = InnoDB AUTO_INCREMENT = 37 CHARACTER SET = utf8 COLLATE = utf8_general_ci ROW_FORMAT = Compact;

-- ----------------------------
-- Records of classselection
-- ----------------------------
INSERT INTO `classselection` VALUES (1, 1, 1, NULL, NULL);
INSERT INTO `classselection` VALUES (2, 1, 2, NULL, NULL);
INSERT INTO `classselection` VALUES (3, 1, 3, NULL, NULL);
INSERT INTO `classselection` VALUES (4, 1, 4, NULL, NULL);
INSERT INTO `classselection` VALUES (5, 2, 1, NULL, NULL);
INSERT INTO `classselection` VALUES (6, 2, 2, NULL, NULL);
INSERT INTO `classselection` VALUES (7, 2, 3, NULL, NULL);
INSERT INTO `classselection` VALUES (8, 2, 4, NULL, NULL);
INSERT INTO `classselection` VALUES (9, 3, 1, NULL, NULL);
INSERT INTO `classselection` VALUES (10, 3, 2, NULL, NULL);
INSERT INTO `classselection` VALUES (11, 3, 3, NULL, NULL);
INSERT INTO `classselection` VALUES (12, 3, 4, NULL, NULL);
INSERT INTO `classselection` VALUES (13, 4, 5, NULL, NULL);
INSERT INTO `classselection` VALUES (14, 4, 6, NULL, NULL);
INSERT INTO `classselection` VALUES (15, 4, 7, NULL, NULL);
INSERT INTO `classselection` VALUES (16, 4, 8, NULL, NULL);
INSERT INTO `classselection` VALUES (17, 5, 5, NULL, NULL);
INSERT INTO `classselection` VALUES (18, 5, 6, NULL, NULL);
INSERT INTO `classselection` VALUES (19, 5, 7, NULL, NULL);
INSERT INTO `classselection` VALUES (20, 5, 8, NULL, NULL);
INSERT INTO `classselection` VALUES (21, 6, 5, NULL, NULL);
INSERT INTO `classselection` VALUES (22, 6, 6, NULL, NULL);
INSERT INTO `classselection` VALUES (23, 6, 7, NULL, NULL);
INSERT INTO `classselection` VALUES (24, 6, 8, NULL, NULL);
INSERT INTO `classselection` VALUES (25, 7, 9, NULL, NULL);
INSERT INTO `classselection` VALUES (26, 7, 10, NULL, NULL);
INSERT INTO `classselection` VALUES (27, 7, 11, NULL, NULL);
INSERT INTO `classselection` VALUES (28, 7, 12, NULL, NULL);
INSERT INTO `classselection` VALUES (29, 8, 9, NULL, NULL);
INSERT INTO `classselection` VALUES (30, 8, 10, NULL, NULL);
INSERT INTO `classselection` VALUES (31, 8, 11, NULL, NULL);
INSERT INTO `classselection` VALUES (32, 8, 12, NULL, NULL);
INSERT INTO `classselection` VALUES (33, 9, 9, NULL, NULL);
INSERT INTO `classselection` VALUES (34, 9, 10, NULL, NULL);
INSERT INTO `classselection` VALUES (35, 9, 11, NULL, NULL);
INSERT INTO `classselection` VALUES (36, 9, 12, NULL, NULL);

-- ----------------------------
-- Table structure for college
-- ----------------------------
DROP TABLE IF EXISTS `college`;
CREATE TABLE `college`  (
  `id` int(11) NOT NULL AUTO_INCREMENT,
  `name` varchar(50) CHARACTER SET utf8 COLLATE utf8_general_ci NOT NULL,
  `secretary` varchar(10) CHARACTER SET utf8 COLLATE utf8_general_ci NOT NULL,
  `dean` varchar(10) CHARACTER SET utf8 COLLATE utf8_general_ci NOT NULL,
  `reserve1` int(11) NULL DEFAULT NULL,
  `reserve2` varchar(50) CHARACTER SET utf8 COLLATE utf8_general_ci NULL DEFAULT NULL,
  PRIMARY KEY (`id`) USING BTREE
) ENGINE = InnoDB AUTO_INCREMENT = 4 CHARACTER SET = utf8 COLLATE = utf8_general_ci ROW_FORMAT = Compact;

-- ----------------------------
-- Records of college
-- ----------------------------
INSERT INTO `college` VALUES (1, '商学院', '张伟', '王伟', NULL, NULL);
INSERT INTO `college` VALUES (2, '管理学院	', '王芳', '李伟', NULL, NULL);
INSERT INTO `college` VALUES (3, '信息与机电工程学院', '王秀英', '李娜', NULL, NULL);

-- ----------------------------
-- Table structure for course
-- ----------------------------
DROP TABLE IF EXISTS `course`;
CREATE TABLE `course`  (
  `id` int(11) NOT NULL AUTO_INCREMENT,
  `PID` int(11) NOT NULL,
  `name` varchar(50) CHARACTER SET utf8 COLLATE utf8_general_ci NOT NULL,
  `startcd` varchar(20) CHARACTER SET utf8 COLLATE utf8_general_ci NOT NULL,
  `code` varchar(20) CHARACTER SET utf8 COLLATE utf8_general_ci NOT NULL,
  `mark` int(11) NOT NULL,
  `nature` int(11) NOT NULL,
  `credit` int(11) NOT NULL,
  `manner` int(2) NOT NULL,
  `reserve1` int(11) NULL DEFAULT NULL,
  `reserve2` varchar(255) CHARACTER SET utf8 COLLATE utf8_general_ci NULL DEFAULT NULL,
  PRIMARY KEY (`id`) USING BTREE,
  UNIQUE INDEX `UK_i60mruj0y7a7vs99dqpiye7en`(`code`) USING BTREE,
  UNIQUE INDEX `UKi60mruj0y7a7vs99dqpiye7en`(`code`) USING BTREE,
  INDEX `course_ibfk_1`(`PID`) USING BTREE,
  CONSTRAINT `FKj1ubiwtr2hwwussghemnch9fr` FOREIGN KEY (`PID`) REFERENCES `profession` (`id`) ON DELETE RESTRICT ON UPDATE RESTRICT,
  CONSTRAINT `course_ibfk_1` FOREIGN KEY (`PID`) REFERENCES `profession` (`id`) ON DELETE RESTRICT ON UPDATE RESTRICT
) ENGINE = InnoDB AUTO_INCREMENT = 15 CHARACTER SET = utf8 COLLATE = utf8_general_ci ROW_FORMAT = Compact;

-- ----------------------------
-- Records of course
-- ----------------------------
INSERT INTO `course` VALUES (1, 11, '操作系统', '2019-上学期', '080901001', 2, 1, 4, 1, NULL, NULL);
INSERT INTO `course` VALUES (2, 11, '数据库原理与应用', '2019-上学期', '080901002', 1, 1, 4, 1, NULL, NULL);
INSERT INTO `course` VALUES (3, 11, '计算机网络', '2019-上学期', '080901003', 1, 1, 4, 1, NULL, NULL);
INSERT INTO `course` VALUES (4, 11, '数据结构', '2019-上学期', '080901004', 1, 1, 4, 1, NULL, NULL);
INSERT INTO `course` VALUES (5, 12, '数字电子技术', '2019-上学期', '080901005', 1, 1, 4, 1, NULL, NULL);
INSERT INTO `course` VALUES (6, 12, '计算机组成原理', '2019-上学期', '080901006', 1, 1, 4, 1, NULL, NULL);
INSERT INTO `course` VALUES (7, 12, '离散数学', '2019-上学期', '080901007', 1, 1, 4, 1, NULL, NULL);
INSERT INTO `course` VALUES (8, 12, '汇编语言程序设计', '2019-上学期', '080901008', 1, 1, 4, 1, NULL, NULL);
INSERT INTO `course` VALUES (9, 13, '网页设计', '2019-上学期', '080901009', 1, 1, 4, 1, NULL, NULL);
INSERT INTO `course` VALUES (10, 13, '电子商务物流', '2019-上学期', '080901010', 1, 1, 4, 1, NULL, NULL);
INSERT INTO `course` VALUES (11, 13, '管理学原理', '2019-上学期', '080901011', 1, 1, 4, 1, NULL, NULL);
INSERT INTO `course` VALUES (12, 13, '电子商务概论', '2019-上学期', '080901012', 1, 1, 4, 1, NULL, NULL);
INSERT INTO `course` VALUES (13, 1, '微观经济学', '2019-上学期', '080901013', 2, 1, 4, 1, NULL, NULL);
INSERT INTO `course` VALUES (14, 1, '宏观经济学', '2019-上学期', '080901014', 2, 1, 4, 1, NULL, NULL);

-- ----------------------------
-- Table structure for etime
-- ----------------------------
DROP TABLE IF EXISTS `etime`;
CREATE TABLE `etime`  (
  `id` int(11) NOT NULL AUTO_INCREMENT,
  `CID` int(11) NOT NULL,
  `stime` datetime(0) NOT NULL,
  `etime` datetime(0) NOT NULL,
  `mark` int(11) NOT NULL,
  `reserve1` int(11) NULL DEFAULT NULL,
  `reserve2` varchar(50) CHARACTER SET utf8 COLLATE utf8_general_ci NULL DEFAULT NULL,
  PRIMARY KEY (`id`) USING BTREE,
  UNIQUE INDEX `UK_su3y0fapf2g7d3bkx4ywf3xex`(`etime`) USING BTREE,
  UNIQUE INDEX `UKsu3y0fapf2g7d3bkx4ywf3xex`(`etime`) USING BTREE,
  INDEX `etime_ibfk_1`(`CID`) USING BTREE,
  CONSTRAINT `FK9mrd1r86k4uqg0qqqj58ree1y` FOREIGN KEY (`CID`) REFERENCES `college` (`id`) ON DELETE RESTRICT ON UPDATE RESTRICT,
  CONSTRAINT `etime_ibfk_1` FOREIGN KEY (`CID`) REFERENCES `college` (`id`) ON DELETE RESTRICT ON UPDATE RESTRICT
) ENGINE = InnoDB AUTO_INCREMENT = 20 CHARACTER SET = utf8 COLLATE = utf8_general_ci ROW_FORMAT = Compact;

-- ----------------------------
-- Records of etime
-- ----------------------------
INSERT INTO `etime` VALUES (7, 3, '2019-02-01 08:30:00', '2019-02-01 10:00:00', 1, NULL, NULL);
INSERT INTO `etime` VALUES (8, 3, '2019-02-01 14:00:00', '2019-02-01 15:30:00', 1, NULL, NULL);
INSERT INTO `etime` VALUES (9, 3, '2019-02-02 08:30:00', '2019-02-02 10:00:00', 1, NULL, NULL);
INSERT INTO `etime` VALUES (10, 3, '2019-02-03 14:00:00', '2019-02-03 15:30:00', 1, NULL, NULL);
INSERT INTO `etime` VALUES (11, 3, '2019-02-04 08:30:00', '2019-02-04 10:00:00', 2, NULL, NULL);
INSERT INTO `etime` VALUES (12, 3, '2019-02-04 14:00:00', '2019-02-04 15:30:00', 2, NULL, NULL);
INSERT INTO `etime` VALUES (13, 3, '2019-02-05 14:00:00', '2019-02-05 15:30:00', 2, NULL, NULL);
INSERT INTO `etime` VALUES (14, 3, '2019-02-05 08:30:00', '2019-02-05 10:00:00', 2, NULL, NULL);
INSERT INTO `etime` VALUES (15, 3, '2019-02-06 08:30:00', '2019-02-06 10:00:00', 2, NULL, NULL);
INSERT INTO `etime` VALUES (16, 3, '2019-02-06 14:00:00', '2019-02-06 15:30:00', 2, NULL, NULL);
INSERT INTO `etime` VALUES (17, 3, '2019-02-07 08:30:00', '2019-02-07 10:00:00', 2, NULL, NULL);
INSERT INTO `etime` VALUES (18, 3, '2019-02-07 14:00:00', '2019-02-07 15:30:00', 2, NULL, NULL);
INSERT INTO `etime` VALUES (19, 3, '2020-01-03 11:27:00', '2020-01-31 11:27:00', 0, NULL, NULL);

-- ----------------------------
-- Table structure for exam
-- ----------------------------
DROP TABLE IF EXISTS `exam`;
CREATE TABLE `exam`  (
  `id` int(11) NOT NULL AUTO_INCREMENT,
  `EID` int(11) NOT NULL,
  `CCID` int(11) NOT NULL,
  `SID` int(11) NOT NULL,
  `seat_no` int(11) NOT NULL,
  `reserve1` int(11) NULL DEFAULT NULL,
  `reserve2` varchar(255) CHARACTER SET utf8 COLLATE utf8_general_ci NULL DEFAULT NULL,
  PRIMARY KEY (`id`) USING BTREE,
  INDEX `exam_ibfk_2`(`CCID`) USING BTREE,
  INDEX `exam_ibfk_3`(`SID`) USING BTREE,
  INDEX `exam_ibfk_4`(`EID`) USING BTREE,
  CONSTRAINT `FK1nunbkav90o304013tepk4onq` FOREIGN KEY (`EID`) REFERENCES `examination` (`id`) ON DELETE RESTRICT ON UPDATE RESTRICT,
  CONSTRAINT `FKhogsgnivoowsf0uiioh8thr80` FOREIGN KEY (`CCID`) REFERENCES `classs` (`id`) ON DELETE RESTRICT ON UPDATE RESTRICT,
  CONSTRAINT `FKqvh8p28any16snqjal16j77v3` FOREIGN KEY (`SID`) REFERENCES `student` (`id`) ON DELETE RESTRICT ON UPDATE RESTRICT,
  CONSTRAINT `exam_ibfk_2` FOREIGN KEY (`CCID`) REFERENCES `classs` (`id`) ON DELETE RESTRICT ON UPDATE RESTRICT,
  CONSTRAINT `exam_ibfk_3` FOREIGN KEY (`SID`) REFERENCES `student` (`id`) ON DELETE RESTRICT ON UPDATE RESTRICT,
  CONSTRAINT `exam_ibfk_4` FOREIGN KEY (`EID`) REFERENCES `examination` (`id`) ON DELETE RESTRICT ON UPDATE RESTRICT
) ENGINE = InnoDB AUTO_INCREMENT = 1588 CHARACTER SET = utf8 COLLATE = utf8_general_ci ROW_FORMAT = Compact;

-- ----------------------------
-- Records of exam
-- ----------------------------
INSERT INTO `exam` VALUES (1, 126, 4, 122, 1, NULL, NULL);
INSERT INTO `exam` VALUES (2, 126, 4, 123, 2, NULL, NULL);
INSERT INTO `exam` VALUES (3, 126, 4, 124, 3, NULL, NULL);
INSERT INTO `exam` VALUES (4, 126, 4, 125, 4, NULL, NULL);
INSERT INTO `exam` VALUES (5, 126, 4, 126, 5, NULL, NULL);
INSERT INTO `exam` VALUES (6, 126, 4, 127, 6, NULL, NULL);
INSERT INTO `exam` VALUES (7, 126, 4, 128, 7, NULL, NULL);
INSERT INTO `exam` VALUES (8, 126, 4, 129, 8, NULL, NULL);
INSERT INTO `exam` VALUES (9, 126, 4, 130, 9, NULL, NULL);
INSERT INTO `exam` VALUES (10, 126, 4, 131, 10, NULL, NULL);
INSERT INTO `exam` VALUES (11, 126, 4, 132, 11, NULL, NULL);
INSERT INTO `exam` VALUES (12, 126, 4, 133, 12, NULL, NULL);
INSERT INTO `exam` VALUES (13, 126, 4, 134, 13, NULL, NULL);
INSERT INTO `exam` VALUES (14, 126, 4, 135, 14, NULL, NULL);
INSERT INTO `exam` VALUES (15, 126, 4, 136, 15, NULL, NULL);
INSERT INTO `exam` VALUES (16, 126, 4, 137, 16, NULL, NULL);
INSERT INTO `exam` VALUES (17, 126, 4, 138, 17, NULL, NULL);
INSERT INTO `exam` VALUES (18, 126, 4, 139, 18, NULL, NULL);
INSERT INTO `exam` VALUES (19, 126, 4, 140, 19, NULL, NULL);
INSERT INTO `exam` VALUES (20, 126, 4, 141, 20, NULL, NULL);
INSERT INTO `exam` VALUES (21, 126, 4, 142, 21, NULL, NULL);
INSERT INTO `exam` VALUES (22, 126, 4, 143, 22, NULL, NULL);
INSERT INTO `exam` VALUES (23, 126, 4, 144, 23, NULL, NULL);
INSERT INTO `exam` VALUES (24, 126, 4, 145, 24, NULL, NULL);
INSERT INTO `exam` VALUES (25, 126, 4, 146, 25, NULL, NULL);
INSERT INTO `exam` VALUES (26, 126, 4, 147, 26, NULL, NULL);
INSERT INTO `exam` VALUES (27, 126, 4, 148, 27, NULL, NULL);
INSERT INTO `exam` VALUES (28, 126, 4, 149, 28, NULL, NULL);
INSERT INTO `exam` VALUES (29, 126, 4, 150, 29, NULL, NULL);
INSERT INTO `exam` VALUES (30, 126, 4, 151, 30, NULL, NULL);
INSERT INTO `exam` VALUES (31, 127, 4, 152, 1, NULL, NULL);
INSERT INTO `exam` VALUES (32, 127, 4, 153, 2, NULL, NULL);
INSERT INTO `exam` VALUES (33, 127, 4, 154, 3, NULL, NULL);
INSERT INTO `exam` VALUES (34, 127, 4, 155, 4, NULL, NULL);
INSERT INTO `exam` VALUES (35, 127, 4, 156, 5, NULL, NULL);
INSERT INTO `exam` VALUES (36, 127, 4, 157, 6, NULL, NULL);
INSERT INTO `exam` VALUES (37, 127, 4, 158, 7, NULL, NULL);
INSERT INTO `exam` VALUES (38, 127, 4, 159, 8, NULL, NULL);
INSERT INTO `exam` VALUES (39, 127, 4, 160, 9, NULL, NULL);
INSERT INTO `exam` VALUES (40, 127, 4, 161, 10, NULL, NULL);
INSERT INTO `exam` VALUES (41, 127, 4, 162, 11, NULL, NULL);
INSERT INTO `exam` VALUES (42, 127, 4, 163, 12, NULL, NULL);
INSERT INTO `exam` VALUES (43, 127, 4, 164, 13, NULL, NULL);
INSERT INTO `exam` VALUES (44, 127, 4, 165, 14, NULL, NULL);
INSERT INTO `exam` VALUES (45, 127, 4, 166, 15, NULL, NULL);
INSERT INTO `exam` VALUES (46, 127, 4, 167, 16, NULL, NULL);
INSERT INTO `exam` VALUES (47, 127, 4, 168, 17, NULL, NULL);
INSERT INTO `exam` VALUES (48, 127, 4, 169, 18, NULL, NULL);
INSERT INTO `exam` VALUES (49, 127, 4, 170, 19, NULL, NULL);
INSERT INTO `exam` VALUES (50, 127, 4, 171, 20, NULL, NULL);
INSERT INTO `exam` VALUES (51, 127, 4, 172, 21, NULL, NULL);
INSERT INTO `exam` VALUES (52, 127, 4, 173, 22, NULL, NULL);
INSERT INTO `exam` VALUES (53, 127, 5, 174, 23, NULL, NULL);
INSERT INTO `exam` VALUES (54, 127, 5, 175, 24, NULL, NULL);
INSERT INTO `exam` VALUES (55, 127, 5, 176, 25, NULL, NULL);
INSERT INTO `exam` VALUES (56, 127, 5, 177, 26, NULL, NULL);
INSERT INTO `exam` VALUES (57, 127, 5, 178, 27, NULL, NULL);
INSERT INTO `exam` VALUES (58, 127, 5, 179, 28, NULL, NULL);
INSERT INTO `exam` VALUES (59, 127, 5, 180, 29, NULL, NULL);
INSERT INTO `exam` VALUES (60, 127, 5, 181, 30, NULL, NULL);
INSERT INTO `exam` VALUES (61, 128, 5, 182, 1, NULL, NULL);
INSERT INTO `exam` VALUES (62, 128, 5, 183, 2, NULL, NULL);
INSERT INTO `exam` VALUES (63, 128, 5, 184, 3, NULL, NULL);
INSERT INTO `exam` VALUES (64, 128, 5, 185, 4, NULL, NULL);
INSERT INTO `exam` VALUES (65, 128, 5, 186, 5, NULL, NULL);
INSERT INTO `exam` VALUES (66, 128, 5, 187, 6, NULL, NULL);
INSERT INTO `exam` VALUES (67, 128, 5, 188, 7, NULL, NULL);
INSERT INTO `exam` VALUES (68, 128, 5, 189, 8, NULL, NULL);
INSERT INTO `exam` VALUES (69, 128, 5, 190, 9, NULL, NULL);
INSERT INTO `exam` VALUES (70, 128, 5, 191, 10, NULL, NULL);
INSERT INTO `exam` VALUES (71, 128, 5, 192, 11, NULL, NULL);
INSERT INTO `exam` VALUES (72, 128, 5, 193, 12, NULL, NULL);
INSERT INTO `exam` VALUES (73, 128, 5, 194, 13, NULL, NULL);
INSERT INTO `exam` VALUES (74, 128, 5, 195, 14, NULL, NULL);
INSERT INTO `exam` VALUES (75, 128, 5, 196, 15, NULL, NULL);
INSERT INTO `exam` VALUES (76, 128, 5, 197, 16, NULL, NULL);
INSERT INTO `exam` VALUES (77, 128, 5, 198, 17, NULL, NULL);
INSERT INTO `exam` VALUES (78, 128, 5, 199, 18, NULL, NULL);
INSERT INTO `exam` VALUES (79, 128, 5, 200, 19, NULL, NULL);
INSERT INTO `exam` VALUES (80, 128, 5, 201, 20, NULL, NULL);
INSERT INTO `exam` VALUES (81, 128, 5, 202, 21, NULL, NULL);
INSERT INTO `exam` VALUES (82, 128, 5, 203, 22, NULL, NULL);
INSERT INTO `exam` VALUES (83, 128, 5, 204, 23, NULL, NULL);
INSERT INTO `exam` VALUES (84, 128, 5, 205, 24, NULL, NULL);
INSERT INTO `exam` VALUES (85, 128, 5, 206, 25, NULL, NULL);
INSERT INTO `exam` VALUES (86, 128, 5, 207, 26, NULL, NULL);
INSERT INTO `exam` VALUES (87, 128, 5, 208, 27, NULL, NULL);
INSERT INTO `exam` VALUES (88, 128, 5, 209, 28, NULL, NULL);
INSERT INTO `exam` VALUES (89, 128, 5, 210, 29, NULL, NULL);
INSERT INTO `exam` VALUES (90, 128, 5, 211, 30, NULL, NULL);
INSERT INTO `exam` VALUES (91, 129, 5, 212, 1, NULL, NULL);
INSERT INTO `exam` VALUES (92, 129, 5, 213, 2, NULL, NULL);
INSERT INTO `exam` VALUES (93, 129, 5, 214, 3, NULL, NULL);
INSERT INTO `exam` VALUES (94, 129, 5, 215, 4, NULL, NULL);
INSERT INTO `exam` VALUES (95, 129, 5, 216, 5, NULL, NULL);
INSERT INTO `exam` VALUES (96, 129, 5, 217, 6, NULL, NULL);
INSERT INTO `exam` VALUES (97, 129, 5, 218, 7, NULL, NULL);
INSERT INTO `exam` VALUES (98, 129, 5, 219, 8, NULL, NULL);
INSERT INTO `exam` VALUES (99, 129, 5, 220, 9, NULL, NULL);
INSERT INTO `exam` VALUES (100, 129, 5, 221, 10, NULL, NULL);
INSERT INTO `exam` VALUES (101, 129, 5, 222, 11, NULL, NULL);
INSERT INTO `exam` VALUES (102, 129, 5, 223, 12, NULL, NULL);
INSERT INTO `exam` VALUES (103, 129, 5, 224, 13, NULL, NULL);
INSERT INTO `exam` VALUES (104, 129, 5, 225, 14, NULL, NULL);
INSERT INTO `exam` VALUES (105, 129, 6, 226, 15, NULL, NULL);
INSERT INTO `exam` VALUES (106, 129, 6, 227, 16, NULL, NULL);
INSERT INTO `exam` VALUES (107, 129, 6, 228, 17, NULL, NULL);
INSERT INTO `exam` VALUES (108, 129, 6, 229, 18, NULL, NULL);
INSERT INTO `exam` VALUES (109, 129, 6, 230, 19, NULL, NULL);
INSERT INTO `exam` VALUES (110, 129, 6, 231, 20, NULL, NULL);
INSERT INTO `exam` VALUES (111, 129, 6, 232, 21, NULL, NULL);
INSERT INTO `exam` VALUES (112, 129, 6, 233, 22, NULL, NULL);
INSERT INTO `exam` VALUES (113, 129, 6, 234, 23, NULL, NULL);
INSERT INTO `exam` VALUES (114, 129, 6, 235, 24, NULL, NULL);
INSERT INTO `exam` VALUES (115, 129, 6, 236, 25, NULL, NULL);
INSERT INTO `exam` VALUES (116, 129, 6, 237, 26, NULL, NULL);
INSERT INTO `exam` VALUES (117, 129, 6, 238, 27, NULL, NULL);
INSERT INTO `exam` VALUES (118, 129, 6, 239, 28, NULL, NULL);
INSERT INTO `exam` VALUES (119, 129, 6, 240, 29, NULL, NULL);
INSERT INTO `exam` VALUES (120, 129, 6, 241, 30, NULL, NULL);
INSERT INTO `exam` VALUES (121, 130, 6, 242, 1, NULL, NULL);
INSERT INTO `exam` VALUES (122, 130, 6, 243, 2, NULL, NULL);
INSERT INTO `exam` VALUES (123, 130, 6, 244, 3, NULL, NULL);
INSERT INTO `exam` VALUES (124, 130, 6, 245, 4, NULL, NULL);
INSERT INTO `exam` VALUES (125, 130, 6, 246, 5, NULL, NULL);
INSERT INTO `exam` VALUES (126, 130, 6, 247, 6, NULL, NULL);
INSERT INTO `exam` VALUES (127, 130, 6, 248, 7, NULL, NULL);
INSERT INTO `exam` VALUES (128, 130, 6, 249, 8, NULL, NULL);
INSERT INTO `exam` VALUES (129, 130, 6, 250, 9, NULL, NULL);
INSERT INTO `exam` VALUES (130, 130, 6, 251, 10, NULL, NULL);
INSERT INTO `exam` VALUES (131, 130, 6, 252, 11, NULL, NULL);
INSERT INTO `exam` VALUES (132, 130, 6, 253, 12, NULL, NULL);
INSERT INTO `exam` VALUES (133, 130, 6, 254, 13, NULL, NULL);
INSERT INTO `exam` VALUES (134, 130, 6, 255, 14, NULL, NULL);
INSERT INTO `exam` VALUES (135, 130, 6, 256, 15, NULL, NULL);
INSERT INTO `exam` VALUES (136, 130, 6, 257, 16, NULL, NULL);
INSERT INTO `exam` VALUES (137, 130, 6, 258, 17, NULL, NULL);
INSERT INTO `exam` VALUES (138, 130, 6, 259, 18, NULL, NULL);
INSERT INTO `exam` VALUES (139, 130, 6, 260, 19, NULL, NULL);
INSERT INTO `exam` VALUES (140, 130, 6, 261, 20, NULL, NULL);
INSERT INTO `exam` VALUES (141, 130, 6, 262, 21, NULL, NULL);
INSERT INTO `exam` VALUES (142, 130, 6, 263, 22, NULL, NULL);
INSERT INTO `exam` VALUES (143, 130, 6, 264, 23, NULL, NULL);
INSERT INTO `exam` VALUES (144, 130, 6, 265, 24, NULL, NULL);
INSERT INTO `exam` VALUES (145, 130, 6, 266, 25, NULL, NULL);
INSERT INTO `exam` VALUES (146, 130, 6, 267, 26, NULL, NULL);
INSERT INTO `exam` VALUES (147, 130, 6, 268, 27, NULL, NULL);
INSERT INTO `exam` VALUES (148, 130, 6, 269, 28, NULL, NULL);
INSERT INTO `exam` VALUES (149, 130, 6, 270, 29, NULL, NULL);
INSERT INTO `exam` VALUES (150, 130, 6, 271, 30, NULL, NULL);
INSERT INTO `exam` VALUES (151, 131, 6, 272, 1, NULL, NULL);
INSERT INTO `exam` VALUES (152, 131, 6, 273, 2, NULL, NULL);
INSERT INTO `exam` VALUES (153, 131, 6, 274, 3, NULL, NULL);
INSERT INTO `exam` VALUES (154, 131, 6, 275, 4, NULL, NULL);
INSERT INTO `exam` VALUES (155, 131, 6, 276, 5, NULL, NULL);
INSERT INTO `exam` VALUES (156, 131, 6, 277, 6, NULL, NULL);
INSERT INTO `exam` VALUES (157, 132, 7, 278, 1, NULL, NULL);
INSERT INTO `exam` VALUES (158, 132, 7, 279, 2, NULL, NULL);
INSERT INTO `exam` VALUES (159, 132, 7, 280, 3, NULL, NULL);
INSERT INTO `exam` VALUES (160, 132, 7, 281, 4, NULL, NULL);
INSERT INTO `exam` VALUES (161, 132, 7, 282, 5, NULL, NULL);
INSERT INTO `exam` VALUES (162, 132, 7, 283, 6, NULL, NULL);
INSERT INTO `exam` VALUES (163, 132, 7, 284, 7, NULL, NULL);
INSERT INTO `exam` VALUES (164, 132, 7, 285, 8, NULL, NULL);
INSERT INTO `exam` VALUES (165, 132, 7, 286, 9, NULL, NULL);
INSERT INTO `exam` VALUES (166, 132, 7, 287, 10, NULL, NULL);
INSERT INTO `exam` VALUES (167, 132, 7, 288, 11, NULL, NULL);
INSERT INTO `exam` VALUES (168, 132, 7, 289, 12, NULL, NULL);
INSERT INTO `exam` VALUES (169, 132, 7, 290, 13, NULL, NULL);
INSERT INTO `exam` VALUES (170, 132, 7, 291, 14, NULL, NULL);
INSERT INTO `exam` VALUES (171, 132, 7, 292, 15, NULL, NULL);
INSERT INTO `exam` VALUES (172, 132, 7, 293, 16, NULL, NULL);
INSERT INTO `exam` VALUES (173, 132, 7, 294, 17, NULL, NULL);
INSERT INTO `exam` VALUES (174, 132, 7, 295, 18, NULL, NULL);
INSERT INTO `exam` VALUES (175, 132, 7, 296, 19, NULL, NULL);
INSERT INTO `exam` VALUES (176, 132, 7, 297, 20, NULL, NULL);
INSERT INTO `exam` VALUES (177, 132, 7, 298, 21, NULL, NULL);
INSERT INTO `exam` VALUES (178, 132, 7, 299, 22, NULL, NULL);
INSERT INTO `exam` VALUES (179, 132, 7, 300, 23, NULL, NULL);
INSERT INTO `exam` VALUES (180, 132, 7, 301, 24, NULL, NULL);
INSERT INTO `exam` VALUES (181, 132, 7, 302, 25, NULL, NULL);
INSERT INTO `exam` VALUES (182, 132, 7, 303, 26, NULL, NULL);
INSERT INTO `exam` VALUES (183, 132, 7, 304, 27, NULL, NULL);
INSERT INTO `exam` VALUES (184, 132, 7, 305, 28, NULL, NULL);
INSERT INTO `exam` VALUES (185, 132, 7, 306, 29, NULL, NULL);
INSERT INTO `exam` VALUES (186, 132, 7, 307, 30, NULL, NULL);
INSERT INTO `exam` VALUES (187, 133, 7, 308, 1, NULL, NULL);
INSERT INTO `exam` VALUES (188, 133, 7, 309, 2, NULL, NULL);
INSERT INTO `exam` VALUES (189, 133, 7, 310, 3, NULL, NULL);
INSERT INTO `exam` VALUES (190, 133, 7, 311, 4, NULL, NULL);
INSERT INTO `exam` VALUES (191, 133, 7, 312, 5, NULL, NULL);
INSERT INTO `exam` VALUES (192, 133, 7, 313, 6, NULL, NULL);
INSERT INTO `exam` VALUES (193, 133, 7, 314, 7, NULL, NULL);
INSERT INTO `exam` VALUES (194, 133, 7, 315, 8, NULL, NULL);
INSERT INTO `exam` VALUES (195, 133, 7, 316, 9, NULL, NULL);
INSERT INTO `exam` VALUES (196, 133, 7, 317, 10, NULL, NULL);
INSERT INTO `exam` VALUES (197, 133, 7, 318, 11, NULL, NULL);
INSERT INTO `exam` VALUES (198, 133, 7, 319, 12, NULL, NULL);
INSERT INTO `exam` VALUES (199, 133, 7, 320, 13, NULL, NULL);
INSERT INTO `exam` VALUES (200, 133, 7, 321, 14, NULL, NULL);
INSERT INTO `exam` VALUES (201, 133, 7, 322, 15, NULL, NULL);
INSERT INTO `exam` VALUES (202, 133, 7, 323, 16, NULL, NULL);
INSERT INTO `exam` VALUES (203, 133, 7, 324, 17, NULL, NULL);
INSERT INTO `exam` VALUES (204, 133, 7, 325, 18, NULL, NULL);
INSERT INTO `exam` VALUES (205, 133, 7, 326, 19, NULL, NULL);
INSERT INTO `exam` VALUES (206, 133, 7, 327, 20, NULL, NULL);
INSERT INTO `exam` VALUES (207, 133, 7, 328, 21, NULL, NULL);
INSERT INTO `exam` VALUES (208, 133, 7, 329, 22, NULL, NULL);
INSERT INTO `exam` VALUES (209, 133, 7, 330, 23, NULL, NULL);
INSERT INTO `exam` VALUES (210, 133, 8, 331, 24, NULL, NULL);
INSERT INTO `exam` VALUES (211, 133, 8, 332, 25, NULL, NULL);
INSERT INTO `exam` VALUES (212, 133, 8, 333, 26, NULL, NULL);
INSERT INTO `exam` VALUES (213, 133, 8, 334, 27, NULL, NULL);
INSERT INTO `exam` VALUES (214, 133, 8, 335, 28, NULL, NULL);
INSERT INTO `exam` VALUES (215, 133, 8, 336, 29, NULL, NULL);
INSERT INTO `exam` VALUES (216, 133, 8, 337, 30, NULL, NULL);
INSERT INTO `exam` VALUES (217, 134, 8, 338, 1, NULL, NULL);
INSERT INTO `exam` VALUES (218, 134, 8, 339, 2, NULL, NULL);
INSERT INTO `exam` VALUES (219, 134, 8, 340, 3, NULL, NULL);
INSERT INTO `exam` VALUES (220, 134, 8, 341, 4, NULL, NULL);
INSERT INTO `exam` VALUES (221, 134, 8, 342, 5, NULL, NULL);
INSERT INTO `exam` VALUES (222, 134, 8, 343, 6, NULL, NULL);
INSERT INTO `exam` VALUES (223, 134, 8, 344, 7, NULL, NULL);
INSERT INTO `exam` VALUES (224, 134, 8, 345, 8, NULL, NULL);
INSERT INTO `exam` VALUES (225, 134, 8, 346, 9, NULL, NULL);
INSERT INTO `exam` VALUES (226, 134, 8, 347, 10, NULL, NULL);
INSERT INTO `exam` VALUES (227, 134, 8, 348, 11, NULL, NULL);
INSERT INTO `exam` VALUES (228, 134, 8, 349, 12, NULL, NULL);
INSERT INTO `exam` VALUES (229, 134, 8, 350, 13, NULL, NULL);
INSERT INTO `exam` VALUES (230, 134, 8, 351, 14, NULL, NULL);
INSERT INTO `exam` VALUES (231, 134, 8, 352, 15, NULL, NULL);
INSERT INTO `exam` VALUES (232, 134, 8, 353, 16, NULL, NULL);
INSERT INTO `exam` VALUES (233, 134, 8, 354, 17, NULL, NULL);
INSERT INTO `exam` VALUES (234, 134, 8, 355, 18, NULL, NULL);
INSERT INTO `exam` VALUES (235, 134, 8, 356, 19, NULL, NULL);
INSERT INTO `exam` VALUES (236, 134, 8, 357, 20, NULL, NULL);
INSERT INTO `exam` VALUES (237, 134, 8, 358, 21, NULL, NULL);
INSERT INTO `exam` VALUES (238, 134, 8, 359, 22, NULL, NULL);
INSERT INTO `exam` VALUES (239, 134, 8, 360, 23, NULL, NULL);
INSERT INTO `exam` VALUES (240, 134, 8, 361, 24, NULL, NULL);
INSERT INTO `exam` VALUES (241, 134, 8, 362, 25, NULL, NULL);
INSERT INTO `exam` VALUES (242, 134, 8, 363, 26, NULL, NULL);
INSERT INTO `exam` VALUES (243, 134, 8, 364, 27, NULL, NULL);
INSERT INTO `exam` VALUES (244, 134, 8, 365, 28, NULL, NULL);
INSERT INTO `exam` VALUES (245, 134, 8, 366, 29, NULL, NULL);
INSERT INTO `exam` VALUES (246, 134, 8, 367, 30, NULL, NULL);
INSERT INTO `exam` VALUES (247, 135, 8, 368, 1, NULL, NULL);
INSERT INTO `exam` VALUES (248, 135, 8, 369, 2, NULL, NULL);
INSERT INTO `exam` VALUES (249, 135, 8, 370, 3, NULL, NULL);
INSERT INTO `exam` VALUES (250, 135, 8, 371, 4, NULL, NULL);
INSERT INTO `exam` VALUES (251, 135, 8, 372, 5, NULL, NULL);
INSERT INTO `exam` VALUES (252, 135, 8, 373, 6, NULL, NULL);
INSERT INTO `exam` VALUES (253, 135, 8, 374, 7, NULL, NULL);
INSERT INTO `exam` VALUES (254, 135, 8, 375, 8, NULL, NULL);
INSERT INTO `exam` VALUES (255, 135, 8, 376, 9, NULL, NULL);
INSERT INTO `exam` VALUES (256, 135, 8, 377, 10, NULL, NULL);
INSERT INTO `exam` VALUES (257, 135, 8, 378, 11, NULL, NULL);
INSERT INTO `exam` VALUES (258, 135, 8, 379, 12, NULL, NULL);
INSERT INTO `exam` VALUES (259, 135, 8, 380, 13, NULL, NULL);
INSERT INTO `exam` VALUES (260, 135, 8, 381, 14, NULL, NULL);
INSERT INTO `exam` VALUES (261, 135, 8, 382, 15, NULL, NULL);
INSERT INTO `exam` VALUES (262, 135, 8, 383, 16, NULL, NULL);
INSERT INTO `exam` VALUES (263, 135, 8, 384, 17, NULL, NULL);
INSERT INTO `exam` VALUES (264, 135, 9, 385, 18, NULL, NULL);
INSERT INTO `exam` VALUES (265, 135, 9, 386, 19, NULL, NULL);
INSERT INTO `exam` VALUES (266, 135, 9, 387, 20, NULL, NULL);
INSERT INTO `exam` VALUES (267, 135, 9, 388, 21, NULL, NULL);
INSERT INTO `exam` VALUES (268, 135, 9, 389, 22, NULL, NULL);
INSERT INTO `exam` VALUES (269, 135, 9, 390, 23, NULL, NULL);
INSERT INTO `exam` VALUES (270, 135, 9, 391, 24, NULL, NULL);
INSERT INTO `exam` VALUES (271, 135, 9, 392, 25, NULL, NULL);
INSERT INTO `exam` VALUES (272, 135, 9, 393, 26, NULL, NULL);
INSERT INTO `exam` VALUES (273, 135, 9, 394, 27, NULL, NULL);
INSERT INTO `exam` VALUES (274, 135, 9, 395, 28, NULL, NULL);
INSERT INTO `exam` VALUES (275, 135, 9, 396, 29, NULL, NULL);
INSERT INTO `exam` VALUES (276, 135, 9, 397, 30, NULL, NULL);
INSERT INTO `exam` VALUES (277, 136, 9, 398, 1, NULL, NULL);
INSERT INTO `exam` VALUES (278, 136, 9, 399, 2, NULL, NULL);
INSERT INTO `exam` VALUES (279, 136, 9, 400, 3, NULL, NULL);
INSERT INTO `exam` VALUES (280, 136, 9, 401, 4, NULL, NULL);
INSERT INTO `exam` VALUES (281, 136, 9, 402, 5, NULL, NULL);
INSERT INTO `exam` VALUES (282, 136, 9, 403, 6, NULL, NULL);
INSERT INTO `exam` VALUES (283, 136, 9, 404, 7, NULL, NULL);
INSERT INTO `exam` VALUES (284, 136, 9, 405, 8, NULL, NULL);
INSERT INTO `exam` VALUES (285, 136, 9, 406, 9, NULL, NULL);
INSERT INTO `exam` VALUES (286, 136, 9, 407, 10, NULL, NULL);
INSERT INTO `exam` VALUES (287, 136, 9, 408, 11, NULL, NULL);
INSERT INTO `exam` VALUES (288, 136, 9, 409, 12, NULL, NULL);
INSERT INTO `exam` VALUES (289, 136, 9, 410, 13, NULL, NULL);
INSERT INTO `exam` VALUES (290, 136, 9, 411, 14, NULL, NULL);
INSERT INTO `exam` VALUES (291, 136, 9, 412, 15, NULL, NULL);
INSERT INTO `exam` VALUES (292, 136, 9, 413, 16, NULL, NULL);
INSERT INTO `exam` VALUES (293, 136, 9, 414, 17, NULL, NULL);
INSERT INTO `exam` VALUES (294, 136, 9, 415, 18, NULL, NULL);
INSERT INTO `exam` VALUES (295, 136, 9, 416, 19, NULL, NULL);
INSERT INTO `exam` VALUES (296, 136, 9, 417, 20, NULL, NULL);
INSERT INTO `exam` VALUES (297, 136, 9, 418, 21, NULL, NULL);
INSERT INTO `exam` VALUES (298, 136, 9, 419, 22, NULL, NULL);
INSERT INTO `exam` VALUES (299, 136, 9, 420, 23, NULL, NULL);
INSERT INTO `exam` VALUES (300, 136, 9, 421, 24, NULL, NULL);
INSERT INTO `exam` VALUES (301, 136, 9, 422, 25, NULL, NULL);
INSERT INTO `exam` VALUES (302, 136, 9, 423, 26, NULL, NULL);
INSERT INTO `exam` VALUES (303, 136, 9, 424, 27, NULL, NULL);
INSERT INTO `exam` VALUES (304, 136, 9, 425, 28, NULL, NULL);
INSERT INTO `exam` VALUES (305, 136, 9, 426, 29, NULL, NULL);
INSERT INTO `exam` VALUES (306, 136, 9, 427, 30, NULL, NULL);
INSERT INTO `exam` VALUES (307, 137, 4, 122, 1, NULL, NULL);
INSERT INTO `exam` VALUES (308, 137, 4, 123, 2, NULL, NULL);
INSERT INTO `exam` VALUES (309, 137, 4, 124, 3, NULL, NULL);
INSERT INTO `exam` VALUES (310, 137, 4, 125, 4, NULL, NULL);
INSERT INTO `exam` VALUES (311, 137, 4, 126, 5, NULL, NULL);
INSERT INTO `exam` VALUES (312, 137, 4, 127, 6, NULL, NULL);
INSERT INTO `exam` VALUES (313, 137, 4, 128, 7, NULL, NULL);
INSERT INTO `exam` VALUES (314, 137, 4, 129, 8, NULL, NULL);
INSERT INTO `exam` VALUES (315, 137, 4, 130, 9, NULL, NULL);
INSERT INTO `exam` VALUES (316, 137, 4, 131, 10, NULL, NULL);
INSERT INTO `exam` VALUES (317, 137, 4, 132, 11, NULL, NULL);
INSERT INTO `exam` VALUES (318, 137, 4, 133, 12, NULL, NULL);
INSERT INTO `exam` VALUES (319, 137, 4, 134, 13, NULL, NULL);
INSERT INTO `exam` VALUES (320, 137, 4, 135, 14, NULL, NULL);
INSERT INTO `exam` VALUES (321, 137, 4, 136, 15, NULL, NULL);
INSERT INTO `exam` VALUES (322, 137, 4, 137, 16, NULL, NULL);
INSERT INTO `exam` VALUES (323, 137, 4, 138, 17, NULL, NULL);
INSERT INTO `exam` VALUES (324, 137, 4, 139, 18, NULL, NULL);
INSERT INTO `exam` VALUES (325, 137, 4, 140, 19, NULL, NULL);
INSERT INTO `exam` VALUES (326, 137, 4, 141, 20, NULL, NULL);
INSERT INTO `exam` VALUES (327, 137, 4, 142, 21, NULL, NULL);
INSERT INTO `exam` VALUES (328, 137, 4, 143, 22, NULL, NULL);
INSERT INTO `exam` VALUES (329, 137, 4, 144, 23, NULL, NULL);
INSERT INTO `exam` VALUES (330, 137, 4, 145, 24, NULL, NULL);
INSERT INTO `exam` VALUES (331, 137, 4, 146, 25, NULL, NULL);
INSERT INTO `exam` VALUES (332, 137, 4, 147, 26, NULL, NULL);
INSERT INTO `exam` VALUES (333, 137, 4, 148, 27, NULL, NULL);
INSERT INTO `exam` VALUES (334, 137, 4, 149, 28, NULL, NULL);
INSERT INTO `exam` VALUES (335, 137, 4, 150, 29, NULL, NULL);
INSERT INTO `exam` VALUES (336, 137, 4, 151, 30, NULL, NULL);
INSERT INTO `exam` VALUES (337, 138, 4, 152, 1, NULL, NULL);
INSERT INTO `exam` VALUES (338, 138, 4, 153, 2, NULL, NULL);
INSERT INTO `exam` VALUES (339, 138, 4, 154, 3, NULL, NULL);
INSERT INTO `exam` VALUES (340, 138, 4, 155, 4, NULL, NULL);
INSERT INTO `exam` VALUES (341, 138, 4, 156, 5, NULL, NULL);
INSERT INTO `exam` VALUES (342, 138, 4, 157, 6, NULL, NULL);
INSERT INTO `exam` VALUES (343, 138, 4, 158, 7, NULL, NULL);
INSERT INTO `exam` VALUES (344, 138, 4, 159, 8, NULL, NULL);
INSERT INTO `exam` VALUES (345, 138, 4, 160, 9, NULL, NULL);
INSERT INTO `exam` VALUES (346, 138, 4, 161, 10, NULL, NULL);
INSERT INTO `exam` VALUES (347, 138, 4, 162, 11, NULL, NULL);
INSERT INTO `exam` VALUES (348, 138, 4, 163, 12, NULL, NULL);
INSERT INTO `exam` VALUES (349, 138, 4, 164, 13, NULL, NULL);
INSERT INTO `exam` VALUES (350, 138, 4, 165, 14, NULL, NULL);
INSERT INTO `exam` VALUES (351, 138, 4, 166, 15, NULL, NULL);
INSERT INTO `exam` VALUES (352, 138, 4, 167, 16, NULL, NULL);
INSERT INTO `exam` VALUES (353, 138, 4, 168, 17, NULL, NULL);
INSERT INTO `exam` VALUES (354, 138, 4, 169, 18, NULL, NULL);
INSERT INTO `exam` VALUES (355, 138, 4, 170, 19, NULL, NULL);
INSERT INTO `exam` VALUES (356, 138, 4, 171, 20, NULL, NULL);
INSERT INTO `exam` VALUES (357, 138, 4, 172, 21, NULL, NULL);
INSERT INTO `exam` VALUES (358, 138, 4, 173, 22, NULL, NULL);
INSERT INTO `exam` VALUES (359, 138, 5, 174, 23, NULL, NULL);
INSERT INTO `exam` VALUES (360, 138, 5, 175, 24, NULL, NULL);
INSERT INTO `exam` VALUES (361, 138, 5, 176, 25, NULL, NULL);
INSERT INTO `exam` VALUES (362, 138, 5, 177, 26, NULL, NULL);
INSERT INTO `exam` VALUES (363, 138, 5, 178, 27, NULL, NULL);
INSERT INTO `exam` VALUES (364, 138, 5, 179, 28, NULL, NULL);
INSERT INTO `exam` VALUES (365, 138, 5, 180, 29, NULL, NULL);
INSERT INTO `exam` VALUES (366, 138, 5, 181, 30, NULL, NULL);
INSERT INTO `exam` VALUES (367, 139, 5, 182, 1, NULL, NULL);
INSERT INTO `exam` VALUES (368, 139, 5, 183, 2, NULL, NULL);
INSERT INTO `exam` VALUES (369, 139, 5, 184, 3, NULL, NULL);
INSERT INTO `exam` VALUES (370, 139, 5, 185, 4, NULL, NULL);
INSERT INTO `exam` VALUES (371, 139, 5, 186, 5, NULL, NULL);
INSERT INTO `exam` VALUES (372, 139, 5, 187, 6, NULL, NULL);
INSERT INTO `exam` VALUES (373, 139, 5, 188, 7, NULL, NULL);
INSERT INTO `exam` VALUES (374, 139, 5, 189, 8, NULL, NULL);
INSERT INTO `exam` VALUES (375, 139, 5, 190, 9, NULL, NULL);
INSERT INTO `exam` VALUES (376, 139, 5, 191, 10, NULL, NULL);
INSERT INTO `exam` VALUES (377, 139, 5, 192, 11, NULL, NULL);
INSERT INTO `exam` VALUES (378, 139, 5, 193, 12, NULL, NULL);
INSERT INTO `exam` VALUES (379, 139, 5, 194, 13, NULL, NULL);
INSERT INTO `exam` VALUES (380, 139, 5, 195, 14, NULL, NULL);
INSERT INTO `exam` VALUES (381, 139, 5, 196, 15, NULL, NULL);
INSERT INTO `exam` VALUES (382, 139, 5, 197, 16, NULL, NULL);
INSERT INTO `exam` VALUES (383, 139, 5, 198, 17, NULL, NULL);
INSERT INTO `exam` VALUES (384, 139, 5, 199, 18, NULL, NULL);
INSERT INTO `exam` VALUES (385, 139, 5, 200, 19, NULL, NULL);
INSERT INTO `exam` VALUES (386, 139, 5, 201, 20, NULL, NULL);
INSERT INTO `exam` VALUES (387, 139, 5, 202, 21, NULL, NULL);
INSERT INTO `exam` VALUES (388, 139, 5, 203, 22, NULL, NULL);
INSERT INTO `exam` VALUES (389, 139, 5, 204, 23, NULL, NULL);
INSERT INTO `exam` VALUES (390, 139, 5, 205, 24, NULL, NULL);
INSERT INTO `exam` VALUES (391, 139, 5, 206, 25, NULL, NULL);
INSERT INTO `exam` VALUES (392, 139, 5, 207, 26, NULL, NULL);
INSERT INTO `exam` VALUES (393, 139, 5, 208, 27, NULL, NULL);
INSERT INTO `exam` VALUES (394, 139, 5, 209, 28, NULL, NULL);
INSERT INTO `exam` VALUES (395, 139, 5, 210, 29, NULL, NULL);
INSERT INTO `exam` VALUES (396, 139, 5, 211, 30, NULL, NULL);
INSERT INTO `exam` VALUES (397, 140, 5, 212, 1, NULL, NULL);
INSERT INTO `exam` VALUES (398, 140, 5, 213, 2, NULL, NULL);
INSERT INTO `exam` VALUES (399, 140, 5, 214, 3, NULL, NULL);
INSERT INTO `exam` VALUES (400, 140, 5, 215, 4, NULL, NULL);
INSERT INTO `exam` VALUES (401, 140, 5, 216, 5, NULL, NULL);
INSERT INTO `exam` VALUES (402, 140, 5, 217, 6, NULL, NULL);
INSERT INTO `exam` VALUES (403, 140, 5, 218, 7, NULL, NULL);
INSERT INTO `exam` VALUES (404, 140, 5, 219, 8, NULL, NULL);
INSERT INTO `exam` VALUES (405, 140, 5, 220, 9, NULL, NULL);
INSERT INTO `exam` VALUES (406, 140, 5, 221, 10, NULL, NULL);
INSERT INTO `exam` VALUES (407, 140, 5, 222, 11, NULL, NULL);
INSERT INTO `exam` VALUES (408, 140, 5, 223, 12, NULL, NULL);
INSERT INTO `exam` VALUES (409, 140, 5, 224, 13, NULL, NULL);
INSERT INTO `exam` VALUES (410, 140, 5, 225, 14, NULL, NULL);
INSERT INTO `exam` VALUES (411, 140, 6, 226, 15, NULL, NULL);
INSERT INTO `exam` VALUES (412, 140, 6, 227, 16, NULL, NULL);
INSERT INTO `exam` VALUES (413, 140, 6, 228, 17, NULL, NULL);
INSERT INTO `exam` VALUES (414, 140, 6, 229, 18, NULL, NULL);
INSERT INTO `exam` VALUES (415, 140, 6, 230, 19, NULL, NULL);
INSERT INTO `exam` VALUES (416, 140, 6, 231, 20, NULL, NULL);
INSERT INTO `exam` VALUES (417, 140, 6, 232, 21, NULL, NULL);
INSERT INTO `exam` VALUES (418, 140, 6, 233, 22, NULL, NULL);
INSERT INTO `exam` VALUES (419, 140, 6, 234, 23, NULL, NULL);
INSERT INTO `exam` VALUES (420, 140, 6, 235, 24, NULL, NULL);
INSERT INTO `exam` VALUES (421, 140, 6, 236, 25, NULL, NULL);
INSERT INTO `exam` VALUES (422, 140, 6, 237, 26, NULL, NULL);
INSERT INTO `exam` VALUES (423, 140, 6, 238, 27, NULL, NULL);
INSERT INTO `exam` VALUES (424, 140, 6, 239, 28, NULL, NULL);
INSERT INTO `exam` VALUES (425, 140, 6, 240, 29, NULL, NULL);
INSERT INTO `exam` VALUES (426, 140, 6, 241, 30, NULL, NULL);
INSERT INTO `exam` VALUES (427, 141, 6, 242, 1, NULL, NULL);
INSERT INTO `exam` VALUES (428, 141, 6, 243, 2, NULL, NULL);
INSERT INTO `exam` VALUES (429, 141, 6, 244, 3, NULL, NULL);
INSERT INTO `exam` VALUES (430, 141, 6, 245, 4, NULL, NULL);
INSERT INTO `exam` VALUES (431, 141, 6, 246, 5, NULL, NULL);
INSERT INTO `exam` VALUES (432, 141, 6, 247, 6, NULL, NULL);
INSERT INTO `exam` VALUES (433, 141, 6, 248, 7, NULL, NULL);
INSERT INTO `exam` VALUES (434, 141, 6, 249, 8, NULL, NULL);
INSERT INTO `exam` VALUES (435, 141, 6, 250, 9, NULL, NULL);
INSERT INTO `exam` VALUES (436, 141, 6, 251, 10, NULL, NULL);
INSERT INTO `exam` VALUES (437, 141, 6, 252, 11, NULL, NULL);
INSERT INTO `exam` VALUES (438, 141, 6, 253, 12, NULL, NULL);
INSERT INTO `exam` VALUES (439, 141, 6, 254, 13, NULL, NULL);
INSERT INTO `exam` VALUES (440, 141, 6, 255, 14, NULL, NULL);
INSERT INTO `exam` VALUES (441, 141, 6, 256, 15, NULL, NULL);
INSERT INTO `exam` VALUES (442, 141, 6, 257, 16, NULL, NULL);
INSERT INTO `exam` VALUES (443, 141, 6, 258, 17, NULL, NULL);
INSERT INTO `exam` VALUES (444, 141, 6, 259, 18, NULL, NULL);
INSERT INTO `exam` VALUES (445, 141, 6, 260, 19, NULL, NULL);
INSERT INTO `exam` VALUES (446, 141, 6, 261, 20, NULL, NULL);
INSERT INTO `exam` VALUES (447, 141, 6, 262, 21, NULL, NULL);
INSERT INTO `exam` VALUES (448, 141, 6, 263, 22, NULL, NULL);
INSERT INTO `exam` VALUES (449, 141, 6, 264, 23, NULL, NULL);
INSERT INTO `exam` VALUES (450, 141, 6, 265, 24, NULL, NULL);
INSERT INTO `exam` VALUES (451, 141, 6, 266, 25, NULL, NULL);
INSERT INTO `exam` VALUES (452, 141, 6, 267, 26, NULL, NULL);
INSERT INTO `exam` VALUES (453, 141, 6, 268, 27, NULL, NULL);
INSERT INTO `exam` VALUES (454, 141, 6, 269, 28, NULL, NULL);
INSERT INTO `exam` VALUES (455, 141, 6, 270, 29, NULL, NULL);
INSERT INTO `exam` VALUES (456, 141, 6, 271, 30, NULL, NULL);
INSERT INTO `exam` VALUES (457, 142, 6, 272, 1, NULL, NULL);
INSERT INTO `exam` VALUES (458, 142, 6, 273, 2, NULL, NULL);
INSERT INTO `exam` VALUES (459, 142, 6, 274, 3, NULL, NULL);
INSERT INTO `exam` VALUES (460, 142, 6, 275, 4, NULL, NULL);
INSERT INTO `exam` VALUES (461, 142, 6, 276, 5, NULL, NULL);
INSERT INTO `exam` VALUES (462, 142, 6, 277, 6, NULL, NULL);
INSERT INTO `exam` VALUES (463, 143, 7, 278, 1, NULL, NULL);
INSERT INTO `exam` VALUES (464, 143, 7, 279, 2, NULL, NULL);
INSERT INTO `exam` VALUES (465, 143, 7, 280, 3, NULL, NULL);
INSERT INTO `exam` VALUES (466, 143, 7, 281, 4, NULL, NULL);
INSERT INTO `exam` VALUES (467, 143, 7, 282, 5, NULL, NULL);
INSERT INTO `exam` VALUES (468, 143, 7, 283, 6, NULL, NULL);
INSERT INTO `exam` VALUES (469, 143, 7, 284, 7, NULL, NULL);
INSERT INTO `exam` VALUES (470, 143, 7, 285, 8, NULL, NULL);
INSERT INTO `exam` VALUES (471, 143, 7, 286, 9, NULL, NULL);
INSERT INTO `exam` VALUES (472, 143, 7, 287, 10, NULL, NULL);
INSERT INTO `exam` VALUES (473, 143, 7, 288, 11, NULL, NULL);
INSERT INTO `exam` VALUES (474, 143, 7, 289, 12, NULL, NULL);
INSERT INTO `exam` VALUES (475, 143, 7, 290, 13, NULL, NULL);
INSERT INTO `exam` VALUES (476, 143, 7, 291, 14, NULL, NULL);
INSERT INTO `exam` VALUES (477, 143, 7, 292, 15, NULL, NULL);
INSERT INTO `exam` VALUES (478, 143, 7, 293, 16, NULL, NULL);
INSERT INTO `exam` VALUES (479, 143, 7, 294, 17, NULL, NULL);
INSERT INTO `exam` VALUES (480, 143, 7, 295, 18, NULL, NULL);
INSERT INTO `exam` VALUES (481, 143, 7, 296, 19, NULL, NULL);
INSERT INTO `exam` VALUES (482, 143, 7, 297, 20, NULL, NULL);
INSERT INTO `exam` VALUES (483, 143, 7, 298, 21, NULL, NULL);
INSERT INTO `exam` VALUES (484, 143, 7, 299, 22, NULL, NULL);
INSERT INTO `exam` VALUES (485, 143, 7, 300, 23, NULL, NULL);
INSERT INTO `exam` VALUES (486, 143, 7, 301, 24, NULL, NULL);
INSERT INTO `exam` VALUES (487, 143, 7, 302, 25, NULL, NULL);
INSERT INTO `exam` VALUES (488, 143, 7, 303, 26, NULL, NULL);
INSERT INTO `exam` VALUES (489, 143, 7, 304, 27, NULL, NULL);
INSERT INTO `exam` VALUES (490, 143, 7, 305, 28, NULL, NULL);
INSERT INTO `exam` VALUES (491, 143, 7, 306, 29, NULL, NULL);
INSERT INTO `exam` VALUES (492, 143, 7, 307, 30, NULL, NULL);
INSERT INTO `exam` VALUES (493, 144, 7, 308, 1, NULL, NULL);
INSERT INTO `exam` VALUES (494, 144, 7, 309, 2, NULL, NULL);
INSERT INTO `exam` VALUES (495, 144, 7, 310, 3, NULL, NULL);
INSERT INTO `exam` VALUES (496, 144, 7, 311, 4, NULL, NULL);
INSERT INTO `exam` VALUES (497, 144, 7, 312, 5, NULL, NULL);
INSERT INTO `exam` VALUES (498, 144, 7, 313, 6, NULL, NULL);
INSERT INTO `exam` VALUES (499, 144, 7, 314, 7, NULL, NULL);
INSERT INTO `exam` VALUES (500, 144, 7, 315, 8, NULL, NULL);
INSERT INTO `exam` VALUES (501, 144, 7, 316, 9, NULL, NULL);
INSERT INTO `exam` VALUES (502, 144, 7, 317, 10, NULL, NULL);
INSERT INTO `exam` VALUES (503, 144, 7, 318, 11, NULL, NULL);
INSERT INTO `exam` VALUES (504, 144, 7, 319, 12, NULL, NULL);
INSERT INTO `exam` VALUES (505, 144, 7, 320, 13, NULL, NULL);
INSERT INTO `exam` VALUES (506, 144, 7, 321, 14, NULL, NULL);
INSERT INTO `exam` VALUES (507, 144, 7, 322, 15, NULL, NULL);
INSERT INTO `exam` VALUES (508, 144, 7, 323, 16, NULL, NULL);
INSERT INTO `exam` VALUES (509, 144, 7, 324, 17, NULL, NULL);
INSERT INTO `exam` VALUES (510, 144, 7, 325, 18, NULL, NULL);
INSERT INTO `exam` VALUES (511, 144, 7, 326, 19, NULL, NULL);
INSERT INTO `exam` VALUES (512, 144, 7, 327, 20, NULL, NULL);
INSERT INTO `exam` VALUES (513, 144, 7, 328, 21, NULL, NULL);
INSERT INTO `exam` VALUES (514, 144, 7, 329, 22, NULL, NULL);
INSERT INTO `exam` VALUES (515, 144, 7, 330, 23, NULL, NULL);
INSERT INTO `exam` VALUES (516, 144, 8, 331, 24, NULL, NULL);
INSERT INTO `exam` VALUES (517, 144, 8, 332, 25, NULL, NULL);
INSERT INTO `exam` VALUES (518, 144, 8, 333, 26, NULL, NULL);
INSERT INTO `exam` VALUES (519, 144, 8, 334, 27, NULL, NULL);
INSERT INTO `exam` VALUES (520, 144, 8, 335, 28, NULL, NULL);
INSERT INTO `exam` VALUES (521, 144, 8, 336, 29, NULL, NULL);
INSERT INTO `exam` VALUES (522, 144, 8, 337, 30, NULL, NULL);
INSERT INTO `exam` VALUES (523, 145, 8, 338, 1, NULL, NULL);
INSERT INTO `exam` VALUES (524, 145, 8, 339, 2, NULL, NULL);
INSERT INTO `exam` VALUES (525, 145, 8, 340, 3, NULL, NULL);
INSERT INTO `exam` VALUES (526, 145, 8, 341, 4, NULL, NULL);
INSERT INTO `exam` VALUES (527, 145, 8, 342, 5, NULL, NULL);
INSERT INTO `exam` VALUES (528, 145, 8, 343, 6, NULL, NULL);
INSERT INTO `exam` VALUES (529, 145, 8, 344, 7, NULL, NULL);
INSERT INTO `exam` VALUES (530, 145, 8, 345, 8, NULL, NULL);
INSERT INTO `exam` VALUES (531, 145, 8, 346, 9, NULL, NULL);
INSERT INTO `exam` VALUES (532, 145, 8, 347, 10, NULL, NULL);
INSERT INTO `exam` VALUES (533, 145, 8, 348, 11, NULL, NULL);
INSERT INTO `exam` VALUES (534, 145, 8, 349, 12, NULL, NULL);
INSERT INTO `exam` VALUES (535, 145, 8, 350, 13, NULL, NULL);
INSERT INTO `exam` VALUES (536, 145, 8, 351, 14, NULL, NULL);
INSERT INTO `exam` VALUES (537, 145, 8, 352, 15, NULL, NULL);
INSERT INTO `exam` VALUES (538, 145, 8, 353, 16, NULL, NULL);
INSERT INTO `exam` VALUES (539, 145, 8, 354, 17, NULL, NULL);
INSERT INTO `exam` VALUES (540, 145, 8, 355, 18, NULL, NULL);
INSERT INTO `exam` VALUES (541, 145, 8, 356, 19, NULL, NULL);
INSERT INTO `exam` VALUES (542, 145, 8, 357, 20, NULL, NULL);
INSERT INTO `exam` VALUES (543, 145, 8, 358, 21, NULL, NULL);
INSERT INTO `exam` VALUES (544, 145, 8, 359, 22, NULL, NULL);
INSERT INTO `exam` VALUES (545, 145, 8, 360, 23, NULL, NULL);
INSERT INTO `exam` VALUES (546, 145, 8, 361, 24, NULL, NULL);
INSERT INTO `exam` VALUES (547, 145, 8, 362, 25, NULL, NULL);
INSERT INTO `exam` VALUES (548, 145, 8, 363, 26, NULL, NULL);
INSERT INTO `exam` VALUES (549, 145, 8, 364, 27, NULL, NULL);
INSERT INTO `exam` VALUES (550, 145, 8, 365, 28, NULL, NULL);
INSERT INTO `exam` VALUES (551, 145, 8, 366, 29, NULL, NULL);
INSERT INTO `exam` VALUES (552, 145, 8, 367, 30, NULL, NULL);
INSERT INTO `exam` VALUES (553, 146, 8, 368, 1, NULL, NULL);
INSERT INTO `exam` VALUES (554, 146, 8, 369, 2, NULL, NULL);
INSERT INTO `exam` VALUES (555, 146, 8, 370, 3, NULL, NULL);
INSERT INTO `exam` VALUES (556, 146, 8, 371, 4, NULL, NULL);
INSERT INTO `exam` VALUES (557, 146, 8, 372, 5, NULL, NULL);
INSERT INTO `exam` VALUES (558, 146, 8, 373, 6, NULL, NULL);
INSERT INTO `exam` VALUES (559, 146, 8, 374, 7, NULL, NULL);
INSERT INTO `exam` VALUES (560, 146, 8, 375, 8, NULL, NULL);
INSERT INTO `exam` VALUES (561, 146, 8, 376, 9, NULL, NULL);
INSERT INTO `exam` VALUES (562, 146, 8, 377, 10, NULL, NULL);
INSERT INTO `exam` VALUES (563, 146, 8, 378, 11, NULL, NULL);
INSERT INTO `exam` VALUES (564, 146, 8, 379, 12, NULL, NULL);
INSERT INTO `exam` VALUES (565, 146, 8, 380, 13, NULL, NULL);
INSERT INTO `exam` VALUES (566, 146, 8, 381, 14, NULL, NULL);
INSERT INTO `exam` VALUES (567, 146, 8, 382, 15, NULL, NULL);
INSERT INTO `exam` VALUES (568, 146, 8, 383, 16, NULL, NULL);
INSERT INTO `exam` VALUES (569, 146, 8, 384, 17, NULL, NULL);
INSERT INTO `exam` VALUES (570, 146, 9, 385, 18, NULL, NULL);
INSERT INTO `exam` VALUES (571, 146, 9, 386, 19, NULL, NULL);
INSERT INTO `exam` VALUES (572, 146, 9, 387, 20, NULL, NULL);
INSERT INTO `exam` VALUES (573, 146, 9, 388, 21, NULL, NULL);
INSERT INTO `exam` VALUES (574, 146, 9, 389, 22, NULL, NULL);
INSERT INTO `exam` VALUES (575, 146, 9, 390, 23, NULL, NULL);
INSERT INTO `exam` VALUES (576, 146, 9, 391, 24, NULL, NULL);
INSERT INTO `exam` VALUES (577, 146, 9, 392, 25, NULL, NULL);
INSERT INTO `exam` VALUES (578, 146, 9, 393, 26, NULL, NULL);
INSERT INTO `exam` VALUES (579, 146, 9, 394, 27, NULL, NULL);
INSERT INTO `exam` VALUES (580, 146, 9, 395, 28, NULL, NULL);
INSERT INTO `exam` VALUES (581, 146, 9, 396, 29, NULL, NULL);
INSERT INTO `exam` VALUES (582, 146, 9, 397, 30, NULL, NULL);
INSERT INTO `exam` VALUES (583, 147, 9, 398, 1, NULL, NULL);
INSERT INTO `exam` VALUES (584, 147, 9, 399, 2, NULL, NULL);
INSERT INTO `exam` VALUES (585, 147, 9, 400, 3, NULL, NULL);
INSERT INTO `exam` VALUES (586, 147, 9, 401, 4, NULL, NULL);
INSERT INTO `exam` VALUES (587, 147, 9, 402, 5, NULL, NULL);
INSERT INTO `exam` VALUES (588, 147, 9, 403, 6, NULL, NULL);
INSERT INTO `exam` VALUES (589, 147, 9, 404, 7, NULL, NULL);
INSERT INTO `exam` VALUES (590, 147, 9, 405, 8, NULL, NULL);
INSERT INTO `exam` VALUES (591, 147, 9, 406, 9, NULL, NULL);
INSERT INTO `exam` VALUES (592, 147, 9, 407, 10, NULL, NULL);
INSERT INTO `exam` VALUES (593, 147, 9, 408, 11, NULL, NULL);
INSERT INTO `exam` VALUES (594, 147, 9, 409, 12, NULL, NULL);
INSERT INTO `exam` VALUES (595, 147, 9, 410, 13, NULL, NULL);
INSERT INTO `exam` VALUES (596, 147, 9, 411, 14, NULL, NULL);
INSERT INTO `exam` VALUES (597, 147, 9, 412, 15, NULL, NULL);
INSERT INTO `exam` VALUES (598, 147, 9, 413, 16, NULL, NULL);
INSERT INTO `exam` VALUES (599, 147, 9, 414, 17, NULL, NULL);
INSERT INTO `exam` VALUES (600, 147, 9, 415, 18, NULL, NULL);
INSERT INTO `exam` VALUES (601, 147, 9, 416, 19, NULL, NULL);
INSERT INTO `exam` VALUES (602, 147, 9, 417, 20, NULL, NULL);
INSERT INTO `exam` VALUES (603, 147, 9, 418, 21, NULL, NULL);
INSERT INTO `exam` VALUES (604, 147, 9, 419, 22, NULL, NULL);
INSERT INTO `exam` VALUES (605, 147, 9, 420, 23, NULL, NULL);
INSERT INTO `exam` VALUES (606, 147, 9, 421, 24, NULL, NULL);
INSERT INTO `exam` VALUES (607, 147, 9, 422, 25, NULL, NULL);
INSERT INTO `exam` VALUES (608, 147, 9, 423, 26, NULL, NULL);
INSERT INTO `exam` VALUES (609, 147, 9, 424, 27, NULL, NULL);
INSERT INTO `exam` VALUES (610, 147, 9, 425, 28, NULL, NULL);
INSERT INTO `exam` VALUES (611, 147, 9, 426, 29, NULL, NULL);
INSERT INTO `exam` VALUES (612, 147, 9, 427, 30, NULL, NULL);
INSERT INTO `exam` VALUES (613, 148, 1, 1, 1, NULL, NULL);
INSERT INTO `exam` VALUES (614, 148, 1, 2, 2, NULL, NULL);
INSERT INTO `exam` VALUES (615, 148, 1, 3, 3, NULL, NULL);
INSERT INTO `exam` VALUES (616, 148, 1, 4, 4, NULL, NULL);
INSERT INTO `exam` VALUES (617, 148, 1, 5, 5, NULL, NULL);
INSERT INTO `exam` VALUES (618, 148, 1, 6, 6, NULL, NULL);
INSERT INTO `exam` VALUES (619, 148, 1, 7, 7, NULL, NULL);
INSERT INTO `exam` VALUES (620, 148, 1, 8, 8, NULL, NULL);
INSERT INTO `exam` VALUES (621, 148, 1, 9, 9, NULL, NULL);
INSERT INTO `exam` VALUES (622, 148, 1, 10, 10, NULL, NULL);
INSERT INTO `exam` VALUES (623, 148, 1, 11, 11, NULL, NULL);
INSERT INTO `exam` VALUES (624, 148, 1, 12, 12, NULL, NULL);
INSERT INTO `exam` VALUES (625, 148, 1, 13, 13, NULL, NULL);
INSERT INTO `exam` VALUES (626, 148, 1, 14, 14, NULL, NULL);
INSERT INTO `exam` VALUES (627, 148, 1, 15, 15, NULL, NULL);
INSERT INTO `exam` VALUES (628, 148, 1, 16, 16, NULL, NULL);
INSERT INTO `exam` VALUES (629, 148, 1, 17, 17, NULL, NULL);
INSERT INTO `exam` VALUES (630, 148, 1, 18, 18, NULL, NULL);
INSERT INTO `exam` VALUES (631, 148, 1, 19, 19, NULL, NULL);
INSERT INTO `exam` VALUES (632, 148, 1, 20, 20, NULL, NULL);
INSERT INTO `exam` VALUES (633, 148, 1, 21, 21, NULL, NULL);
INSERT INTO `exam` VALUES (634, 148, 1, 22, 22, NULL, NULL);
INSERT INTO `exam` VALUES (635, 148, 1, 23, 23, NULL, NULL);
INSERT INTO `exam` VALUES (636, 148, 1, 24, 24, NULL, NULL);
INSERT INTO `exam` VALUES (637, 148, 1, 25, 25, NULL, NULL);
INSERT INTO `exam` VALUES (638, 148, 1, 26, 26, NULL, NULL);
INSERT INTO `exam` VALUES (639, 148, 1, 27, 27, NULL, NULL);
INSERT INTO `exam` VALUES (640, 148, 1, 28, 28, NULL, NULL);
INSERT INTO `exam` VALUES (641, 148, 1, 29, 29, NULL, NULL);
INSERT INTO `exam` VALUES (642, 148, 1, 30, 30, NULL, NULL);
INSERT INTO `exam` VALUES (643, 149, 1, 31, 1, NULL, NULL);
INSERT INTO `exam` VALUES (644, 149, 1, 32, 2, NULL, NULL);
INSERT INTO `exam` VALUES (645, 149, 1, 33, 3, NULL, NULL);
INSERT INTO `exam` VALUES (646, 149, 1, 34, 4, NULL, NULL);
INSERT INTO `exam` VALUES (647, 149, 1, 35, 5, NULL, NULL);
INSERT INTO `exam` VALUES (648, 149, 1, 36, 6, NULL, NULL);
INSERT INTO `exam` VALUES (649, 149, 1, 37, 7, NULL, NULL);
INSERT INTO `exam` VALUES (650, 149, 1, 38, 8, NULL, NULL);
INSERT INTO `exam` VALUES (651, 149, 1, 39, 9, NULL, NULL);
INSERT INTO `exam` VALUES (652, 149, 1, 40, 10, NULL, NULL);
INSERT INTO `exam` VALUES (653, 149, 2, 41, 11, NULL, NULL);
INSERT INTO `exam` VALUES (654, 149, 2, 42, 12, NULL, NULL);
INSERT INTO `exam` VALUES (655, 149, 2, 43, 13, NULL, NULL);
INSERT INTO `exam` VALUES (656, 149, 2, 44, 14, NULL, NULL);
INSERT INTO `exam` VALUES (657, 149, 2, 45, 15, NULL, NULL);
INSERT INTO `exam` VALUES (658, 149, 2, 46, 16, NULL, NULL);
INSERT INTO `exam` VALUES (659, 149, 2, 47, 17, NULL, NULL);
INSERT INTO `exam` VALUES (660, 149, 2, 48, 18, NULL, NULL);
INSERT INTO `exam` VALUES (661, 149, 2, 49, 19, NULL, NULL);
INSERT INTO `exam` VALUES (662, 149, 2, 50, 20, NULL, NULL);
INSERT INTO `exam` VALUES (663, 149, 2, 51, 21, NULL, NULL);
INSERT INTO `exam` VALUES (664, 149, 2, 52, 22, NULL, NULL);
INSERT INTO `exam` VALUES (665, 149, 2, 53, 23, NULL, NULL);
INSERT INTO `exam` VALUES (666, 149, 2, 54, 24, NULL, NULL);
INSERT INTO `exam` VALUES (667, 149, 2, 55, 25, NULL, NULL);
INSERT INTO `exam` VALUES (668, 149, 2, 56, 26, NULL, NULL);
INSERT INTO `exam` VALUES (669, 149, 2, 57, 27, NULL, NULL);
INSERT INTO `exam` VALUES (670, 149, 2, 58, 28, NULL, NULL);
INSERT INTO `exam` VALUES (671, 149, 2, 59, 29, NULL, NULL);
INSERT INTO `exam` VALUES (672, 149, 2, 60, 30, NULL, NULL);
INSERT INTO `exam` VALUES (673, 150, 2, 61, 1, NULL, NULL);
INSERT INTO `exam` VALUES (674, 150, 2, 62, 2, NULL, NULL);
INSERT INTO `exam` VALUES (675, 150, 2, 63, 3, NULL, NULL);
INSERT INTO `exam` VALUES (676, 150, 2, 64, 4, NULL, NULL);
INSERT INTO `exam` VALUES (677, 150, 2, 65, 5, NULL, NULL);
INSERT INTO `exam` VALUES (678, 150, 2, 66, 6, NULL, NULL);
INSERT INTO `exam` VALUES (679, 150, 2, 67, 7, NULL, NULL);
INSERT INTO `exam` VALUES (680, 150, 2, 68, 8, NULL, NULL);
INSERT INTO `exam` VALUES (681, 150, 2, 69, 9, NULL, NULL);
INSERT INTO `exam` VALUES (682, 150, 2, 70, 10, NULL, NULL);
INSERT INTO `exam` VALUES (683, 150, 2, 71, 11, NULL, NULL);
INSERT INTO `exam` VALUES (684, 150, 2, 72, 12, NULL, NULL);
INSERT INTO `exam` VALUES (685, 150, 2, 73, 13, NULL, NULL);
INSERT INTO `exam` VALUES (686, 150, 2, 74, 14, NULL, NULL);
INSERT INTO `exam` VALUES (687, 150, 2, 75, 15, NULL, NULL);
INSERT INTO `exam` VALUES (688, 150, 2, 76, 16, NULL, NULL);
INSERT INTO `exam` VALUES (689, 150, 2, 77, 17, NULL, NULL);
INSERT INTO `exam` VALUES (690, 150, 2, 78, 18, NULL, NULL);
INSERT INTO `exam` VALUES (691, 150, 2, 79, 19, NULL, NULL);
INSERT INTO `exam` VALUES (692, 150, 2, 80, 20, NULL, NULL);
INSERT INTO `exam` VALUES (693, 150, 2, 81, 21, NULL, NULL);
INSERT INTO `exam` VALUES (694, 150, 3, 82, 22, NULL, NULL);
INSERT INTO `exam` VALUES (695, 150, 3, 83, 23, NULL, NULL);
INSERT INTO `exam` VALUES (696, 150, 3, 84, 24, NULL, NULL);
INSERT INTO `exam` VALUES (697, 150, 3, 85, 25, NULL, NULL);
INSERT INTO `exam` VALUES (698, 150, 3, 86, 26, NULL, NULL);
INSERT INTO `exam` VALUES (699, 150, 3, 87, 27, NULL, NULL);
INSERT INTO `exam` VALUES (700, 150, 3, 88, 28, NULL, NULL);
INSERT INTO `exam` VALUES (701, 150, 3, 89, 29, NULL, NULL);
INSERT INTO `exam` VALUES (702, 150, 3, 90, 30, NULL, NULL);
INSERT INTO `exam` VALUES (703, 151, 3, 91, 1, NULL, NULL);
INSERT INTO `exam` VALUES (704, 151, 3, 92, 2, NULL, NULL);
INSERT INTO `exam` VALUES (705, 151, 3, 93, 3, NULL, NULL);
INSERT INTO `exam` VALUES (706, 151, 3, 94, 4, NULL, NULL);
INSERT INTO `exam` VALUES (707, 151, 3, 95, 5, NULL, NULL);
INSERT INTO `exam` VALUES (708, 151, 3, 96, 6, NULL, NULL);
INSERT INTO `exam` VALUES (709, 151, 3, 97, 7, NULL, NULL);
INSERT INTO `exam` VALUES (710, 151, 3, 98, 8, NULL, NULL);
INSERT INTO `exam` VALUES (711, 151, 3, 99, 9, NULL, NULL);
INSERT INTO `exam` VALUES (712, 151, 3, 100, 10, NULL, NULL);
INSERT INTO `exam` VALUES (713, 151, 3, 101, 11, NULL, NULL);
INSERT INTO `exam` VALUES (714, 151, 3, 102, 12, NULL, NULL);
INSERT INTO `exam` VALUES (715, 151, 3, 103, 13, NULL, NULL);
INSERT INTO `exam` VALUES (716, 151, 3, 104, 14, NULL, NULL);
INSERT INTO `exam` VALUES (717, 151, 3, 105, 15, NULL, NULL);
INSERT INTO `exam` VALUES (718, 151, 3, 106, 16, NULL, NULL);
INSERT INTO `exam` VALUES (719, 151, 3, 107, 17, NULL, NULL);
INSERT INTO `exam` VALUES (720, 151, 3, 108, 18, NULL, NULL);
INSERT INTO `exam` VALUES (721, 151, 3, 109, 19, NULL, NULL);
INSERT INTO `exam` VALUES (722, 151, 3, 110, 20, NULL, NULL);
INSERT INTO `exam` VALUES (723, 151, 3, 111, 21, NULL, NULL);
INSERT INTO `exam` VALUES (724, 151, 3, 112, 22, NULL, NULL);
INSERT INTO `exam` VALUES (725, 151, 3, 113, 23, NULL, NULL);
INSERT INTO `exam` VALUES (726, 151, 3, 114, 24, NULL, NULL);
INSERT INTO `exam` VALUES (727, 151, 3, 115, 25, NULL, NULL);
INSERT INTO `exam` VALUES (728, 151, 3, 116, 26, NULL, NULL);
INSERT INTO `exam` VALUES (729, 151, 3, 117, 27, NULL, NULL);
INSERT INTO `exam` VALUES (730, 151, 3, 118, 28, NULL, NULL);
INSERT INTO `exam` VALUES (731, 151, 3, 119, 29, NULL, NULL);
INSERT INTO `exam` VALUES (732, 151, 3, 120, 30, NULL, NULL);
INSERT INTO `exam` VALUES (733, 152, 3, 121, 1, NULL, NULL);
INSERT INTO `exam` VALUES (734, 153, 4, 122, 1, NULL, NULL);
INSERT INTO `exam` VALUES (735, 153, 4, 123, 2, NULL, NULL);
INSERT INTO `exam` VALUES (736, 153, 4, 124, 3, NULL, NULL);
INSERT INTO `exam` VALUES (737, 153, 4, 125, 4, NULL, NULL);
INSERT INTO `exam` VALUES (738, 153, 4, 126, 5, NULL, NULL);
INSERT INTO `exam` VALUES (739, 153, 4, 127, 6, NULL, NULL);
INSERT INTO `exam` VALUES (740, 153, 4, 128, 7, NULL, NULL);
INSERT INTO `exam` VALUES (741, 153, 4, 129, 8, NULL, NULL);
INSERT INTO `exam` VALUES (742, 153, 4, 130, 9, NULL, NULL);
INSERT INTO `exam` VALUES (743, 153, 4, 131, 10, NULL, NULL);
INSERT INTO `exam` VALUES (744, 153, 4, 132, 11, NULL, NULL);
INSERT INTO `exam` VALUES (745, 153, 4, 133, 12, NULL, NULL);
INSERT INTO `exam` VALUES (746, 153, 4, 134, 13, NULL, NULL);
INSERT INTO `exam` VALUES (747, 153, 4, 135, 14, NULL, NULL);
INSERT INTO `exam` VALUES (748, 153, 4, 136, 15, NULL, NULL);
INSERT INTO `exam` VALUES (749, 153, 4, 137, 16, NULL, NULL);
INSERT INTO `exam` VALUES (750, 153, 4, 138, 17, NULL, NULL);
INSERT INTO `exam` VALUES (751, 153, 4, 139, 18, NULL, NULL);
INSERT INTO `exam` VALUES (752, 153, 4, 140, 19, NULL, NULL);
INSERT INTO `exam` VALUES (753, 153, 4, 141, 20, NULL, NULL);
INSERT INTO `exam` VALUES (754, 153, 4, 142, 21, NULL, NULL);
INSERT INTO `exam` VALUES (755, 153, 4, 143, 22, NULL, NULL);
INSERT INTO `exam` VALUES (756, 153, 4, 144, 23, NULL, NULL);
INSERT INTO `exam` VALUES (757, 153, 4, 145, 24, NULL, NULL);
INSERT INTO `exam` VALUES (758, 153, 4, 146, 25, NULL, NULL);
INSERT INTO `exam` VALUES (759, 153, 4, 147, 26, NULL, NULL);
INSERT INTO `exam` VALUES (760, 153, 4, 148, 27, NULL, NULL);
INSERT INTO `exam` VALUES (761, 153, 4, 149, 28, NULL, NULL);
INSERT INTO `exam` VALUES (762, 153, 4, 150, 29, NULL, NULL);
INSERT INTO `exam` VALUES (763, 153, 4, 151, 30, NULL, NULL);
INSERT INTO `exam` VALUES (764, 154, 4, 152, 1, NULL, NULL);
INSERT INTO `exam` VALUES (765, 154, 4, 153, 2, NULL, NULL);
INSERT INTO `exam` VALUES (766, 154, 4, 154, 3, NULL, NULL);
INSERT INTO `exam` VALUES (767, 154, 4, 155, 4, NULL, NULL);
INSERT INTO `exam` VALUES (768, 154, 4, 156, 5, NULL, NULL);
INSERT INTO `exam` VALUES (769, 154, 4, 157, 6, NULL, NULL);
INSERT INTO `exam` VALUES (770, 154, 4, 158, 7, NULL, NULL);
INSERT INTO `exam` VALUES (771, 154, 4, 159, 8, NULL, NULL);
INSERT INTO `exam` VALUES (772, 154, 4, 160, 9, NULL, NULL);
INSERT INTO `exam` VALUES (773, 154, 4, 161, 10, NULL, NULL);
INSERT INTO `exam` VALUES (774, 154, 4, 162, 11, NULL, NULL);
INSERT INTO `exam` VALUES (775, 154, 4, 163, 12, NULL, NULL);
INSERT INTO `exam` VALUES (776, 154, 4, 164, 13, NULL, NULL);
INSERT INTO `exam` VALUES (777, 154, 4, 165, 14, NULL, NULL);
INSERT INTO `exam` VALUES (778, 154, 4, 166, 15, NULL, NULL);
INSERT INTO `exam` VALUES (779, 154, 4, 167, 16, NULL, NULL);
INSERT INTO `exam` VALUES (780, 154, 4, 168, 17, NULL, NULL);
INSERT INTO `exam` VALUES (781, 154, 4, 169, 18, NULL, NULL);
INSERT INTO `exam` VALUES (782, 154, 4, 170, 19, NULL, NULL);
INSERT INTO `exam` VALUES (783, 154, 4, 171, 20, NULL, NULL);
INSERT INTO `exam` VALUES (784, 154, 4, 172, 21, NULL, NULL);
INSERT INTO `exam` VALUES (785, 154, 4, 173, 22, NULL, NULL);
INSERT INTO `exam` VALUES (786, 154, 5, 174, 23, NULL, NULL);
INSERT INTO `exam` VALUES (787, 154, 5, 175, 24, NULL, NULL);
INSERT INTO `exam` VALUES (788, 154, 5, 176, 25, NULL, NULL);
INSERT INTO `exam` VALUES (789, 154, 5, 177, 26, NULL, NULL);
INSERT INTO `exam` VALUES (790, 154, 5, 178, 27, NULL, NULL);
INSERT INTO `exam` VALUES (791, 154, 5, 179, 28, NULL, NULL);
INSERT INTO `exam` VALUES (792, 154, 5, 180, 29, NULL, NULL);
INSERT INTO `exam` VALUES (793, 154, 5, 181, 30, NULL, NULL);
INSERT INTO `exam` VALUES (794, 155, 5, 182, 1, NULL, NULL);
INSERT INTO `exam` VALUES (795, 155, 5, 183, 2, NULL, NULL);
INSERT INTO `exam` VALUES (796, 155, 5, 184, 3, NULL, NULL);
INSERT INTO `exam` VALUES (797, 155, 5, 185, 4, NULL, NULL);
INSERT INTO `exam` VALUES (798, 155, 5, 186, 5, NULL, NULL);
INSERT INTO `exam` VALUES (799, 155, 5, 187, 6, NULL, NULL);
INSERT INTO `exam` VALUES (800, 155, 5, 188, 7, NULL, NULL);
INSERT INTO `exam` VALUES (801, 155, 5, 189, 8, NULL, NULL);
INSERT INTO `exam` VALUES (802, 155, 5, 190, 9, NULL, NULL);
INSERT INTO `exam` VALUES (803, 155, 5, 191, 10, NULL, NULL);
INSERT INTO `exam` VALUES (804, 155, 5, 192, 11, NULL, NULL);
INSERT INTO `exam` VALUES (805, 155, 5, 193, 12, NULL, NULL);
INSERT INTO `exam` VALUES (806, 155, 5, 194, 13, NULL, NULL);
INSERT INTO `exam` VALUES (807, 155, 5, 195, 14, NULL, NULL);
INSERT INTO `exam` VALUES (808, 155, 5, 196, 15, NULL, NULL);
INSERT INTO `exam` VALUES (809, 155, 5, 197, 16, NULL, NULL);
INSERT INTO `exam` VALUES (810, 155, 5, 198, 17, NULL, NULL);
INSERT INTO `exam` VALUES (811, 155, 5, 199, 18, NULL, NULL);
INSERT INTO `exam` VALUES (812, 155, 5, 200, 19, NULL, NULL);
INSERT INTO `exam` VALUES (813, 155, 5, 201, 20, NULL, NULL);
INSERT INTO `exam` VALUES (814, 155, 5, 202, 21, NULL, NULL);
INSERT INTO `exam` VALUES (815, 155, 5, 203, 22, NULL, NULL);
INSERT INTO `exam` VALUES (816, 155, 5, 204, 23, NULL, NULL);
INSERT INTO `exam` VALUES (817, 155, 5, 205, 24, NULL, NULL);
INSERT INTO `exam` VALUES (818, 155, 5, 206, 25, NULL, NULL);
INSERT INTO `exam` VALUES (819, 155, 5, 207, 26, NULL, NULL);
INSERT INTO `exam` VALUES (820, 155, 5, 208, 27, NULL, NULL);
INSERT INTO `exam` VALUES (821, 155, 5, 209, 28, NULL, NULL);
INSERT INTO `exam` VALUES (822, 155, 5, 210, 29, NULL, NULL);
INSERT INTO `exam` VALUES (823, 155, 5, 211, 30, NULL, NULL);
INSERT INTO `exam` VALUES (824, 156, 5, 212, 1, NULL, NULL);
INSERT INTO `exam` VALUES (825, 156, 5, 213, 2, NULL, NULL);
INSERT INTO `exam` VALUES (826, 156, 5, 214, 3, NULL, NULL);
INSERT INTO `exam` VALUES (827, 156, 5, 215, 4, NULL, NULL);
INSERT INTO `exam` VALUES (828, 156, 5, 216, 5, NULL, NULL);
INSERT INTO `exam` VALUES (829, 156, 5, 217, 6, NULL, NULL);
INSERT INTO `exam` VALUES (830, 156, 5, 218, 7, NULL, NULL);
INSERT INTO `exam` VALUES (831, 156, 5, 219, 8, NULL, NULL);
INSERT INTO `exam` VALUES (832, 156, 5, 220, 9, NULL, NULL);
INSERT INTO `exam` VALUES (833, 156, 5, 221, 10, NULL, NULL);
INSERT INTO `exam` VALUES (834, 156, 5, 222, 11, NULL, NULL);
INSERT INTO `exam` VALUES (835, 156, 5, 223, 12, NULL, NULL);
INSERT INTO `exam` VALUES (836, 156, 5, 224, 13, NULL, NULL);
INSERT INTO `exam` VALUES (837, 156, 5, 225, 14, NULL, NULL);
INSERT INTO `exam` VALUES (838, 156, 6, 226, 15, NULL, NULL);
INSERT INTO `exam` VALUES (839, 156, 6, 227, 16, NULL, NULL);
INSERT INTO `exam` VALUES (840, 156, 6, 228, 17, NULL, NULL);
INSERT INTO `exam` VALUES (841, 156, 6, 229, 18, NULL, NULL);
INSERT INTO `exam` VALUES (842, 156, 6, 230, 19, NULL, NULL);
INSERT INTO `exam` VALUES (843, 156, 6, 231, 20, NULL, NULL);
INSERT INTO `exam` VALUES (844, 156, 6, 232, 21, NULL, NULL);
INSERT INTO `exam` VALUES (845, 156, 6, 233, 22, NULL, NULL);
INSERT INTO `exam` VALUES (846, 156, 6, 234, 23, NULL, NULL);
INSERT INTO `exam` VALUES (847, 156, 6, 235, 24, NULL, NULL);
INSERT INTO `exam` VALUES (848, 156, 6, 236, 25, NULL, NULL);
INSERT INTO `exam` VALUES (849, 156, 6, 237, 26, NULL, NULL);
INSERT INTO `exam` VALUES (850, 156, 6, 238, 27, NULL, NULL);
INSERT INTO `exam` VALUES (851, 156, 6, 239, 28, NULL, NULL);
INSERT INTO `exam` VALUES (852, 156, 6, 240, 29, NULL, NULL);
INSERT INTO `exam` VALUES (853, 156, 6, 241, 30, NULL, NULL);
INSERT INTO `exam` VALUES (854, 157, 6, 242, 1, NULL, NULL);
INSERT INTO `exam` VALUES (855, 157, 6, 243, 2, NULL, NULL);
INSERT INTO `exam` VALUES (856, 157, 6, 244, 3, NULL, NULL);
INSERT INTO `exam` VALUES (857, 157, 6, 245, 4, NULL, NULL);
INSERT INTO `exam` VALUES (858, 157, 6, 246, 5, NULL, NULL);
INSERT INTO `exam` VALUES (859, 157, 6, 247, 6, NULL, NULL);
INSERT INTO `exam` VALUES (860, 157, 6, 248, 7, NULL, NULL);
INSERT INTO `exam` VALUES (861, 157, 6, 249, 8, NULL, NULL);
INSERT INTO `exam` VALUES (862, 157, 6, 250, 9, NULL, NULL);
INSERT INTO `exam` VALUES (863, 157, 6, 251, 10, NULL, NULL);
INSERT INTO `exam` VALUES (864, 157, 6, 252, 11, NULL, NULL);
INSERT INTO `exam` VALUES (865, 157, 6, 253, 12, NULL, NULL);
INSERT INTO `exam` VALUES (866, 157, 6, 254, 13, NULL, NULL);
INSERT INTO `exam` VALUES (867, 157, 6, 255, 14, NULL, NULL);
INSERT INTO `exam` VALUES (868, 157, 6, 256, 15, NULL, NULL);
INSERT INTO `exam` VALUES (869, 157, 6, 257, 16, NULL, NULL);
INSERT INTO `exam` VALUES (870, 157, 6, 258, 17, NULL, NULL);
INSERT INTO `exam` VALUES (871, 157, 6, 259, 18, NULL, NULL);
INSERT INTO `exam` VALUES (872, 157, 6, 260, 19, NULL, NULL);
INSERT INTO `exam` VALUES (873, 157, 6, 261, 20, NULL, NULL);
INSERT INTO `exam` VALUES (874, 157, 6, 262, 21, NULL, NULL);
INSERT INTO `exam` VALUES (875, 157, 6, 263, 22, NULL, NULL);
INSERT INTO `exam` VALUES (876, 157, 6, 264, 23, NULL, NULL);
INSERT INTO `exam` VALUES (877, 157, 6, 265, 24, NULL, NULL);
INSERT INTO `exam` VALUES (878, 157, 6, 266, 25, NULL, NULL);
INSERT INTO `exam` VALUES (879, 157, 6, 267, 26, NULL, NULL);
INSERT INTO `exam` VALUES (880, 157, 6, 268, 27, NULL, NULL);
INSERT INTO `exam` VALUES (881, 157, 6, 269, 28, NULL, NULL);
INSERT INTO `exam` VALUES (882, 157, 6, 270, 29, NULL, NULL);
INSERT INTO `exam` VALUES (883, 157, 6, 271, 30, NULL, NULL);
INSERT INTO `exam` VALUES (884, 158, 6, 272, 1, NULL, NULL);
INSERT INTO `exam` VALUES (885, 158, 6, 273, 2, NULL, NULL);
INSERT INTO `exam` VALUES (886, 158, 6, 274, 3, NULL, NULL);
INSERT INTO `exam` VALUES (887, 158, 6, 275, 4, NULL, NULL);
INSERT INTO `exam` VALUES (888, 158, 6, 276, 5, NULL, NULL);
INSERT INTO `exam` VALUES (889, 158, 6, 277, 6, NULL, NULL);
INSERT INTO `exam` VALUES (890, 159, 7, 278, 1, NULL, NULL);
INSERT INTO `exam` VALUES (891, 159, 7, 279, 2, NULL, NULL);
INSERT INTO `exam` VALUES (892, 159, 7, 280, 3, NULL, NULL);
INSERT INTO `exam` VALUES (893, 159, 7, 281, 4, NULL, NULL);
INSERT INTO `exam` VALUES (894, 159, 7, 282, 5, NULL, NULL);
INSERT INTO `exam` VALUES (895, 159, 7, 283, 6, NULL, NULL);
INSERT INTO `exam` VALUES (896, 159, 7, 284, 7, NULL, NULL);
INSERT INTO `exam` VALUES (897, 159, 7, 285, 8, NULL, NULL);
INSERT INTO `exam` VALUES (898, 159, 7, 286, 9, NULL, NULL);
INSERT INTO `exam` VALUES (899, 159, 7, 287, 10, NULL, NULL);
INSERT INTO `exam` VALUES (900, 159, 7, 288, 11, NULL, NULL);
INSERT INTO `exam` VALUES (901, 159, 7, 289, 12, NULL, NULL);
INSERT INTO `exam` VALUES (902, 159, 7, 290, 13, NULL, NULL);
INSERT INTO `exam` VALUES (903, 159, 7, 291, 14, NULL, NULL);
INSERT INTO `exam` VALUES (904, 159, 7, 292, 15, NULL, NULL);
INSERT INTO `exam` VALUES (905, 159, 7, 293, 16, NULL, NULL);
INSERT INTO `exam` VALUES (906, 159, 7, 294, 17, NULL, NULL);
INSERT INTO `exam` VALUES (907, 159, 7, 295, 18, NULL, NULL);
INSERT INTO `exam` VALUES (908, 159, 7, 296, 19, NULL, NULL);
INSERT INTO `exam` VALUES (909, 159, 7, 297, 20, NULL, NULL);
INSERT INTO `exam` VALUES (910, 159, 7, 298, 21, NULL, NULL);
INSERT INTO `exam` VALUES (911, 159, 7, 299, 22, NULL, NULL);
INSERT INTO `exam` VALUES (912, 159, 7, 300, 23, NULL, NULL);
INSERT INTO `exam` VALUES (913, 159, 7, 301, 24, NULL, NULL);
INSERT INTO `exam` VALUES (914, 159, 7, 302, 25, NULL, NULL);
INSERT INTO `exam` VALUES (915, 159, 7, 303, 26, NULL, NULL);
INSERT INTO `exam` VALUES (916, 159, 7, 304, 27, NULL, NULL);
INSERT INTO `exam` VALUES (917, 159, 7, 305, 28, NULL, NULL);
INSERT INTO `exam` VALUES (918, 159, 7, 306, 29, NULL, NULL);
INSERT INTO `exam` VALUES (919, 159, 7, 307, 30, NULL, NULL);
INSERT INTO `exam` VALUES (920, 160, 7, 308, 1, NULL, NULL);
INSERT INTO `exam` VALUES (921, 160, 7, 309, 2, NULL, NULL);
INSERT INTO `exam` VALUES (922, 160, 7, 310, 3, NULL, NULL);
INSERT INTO `exam` VALUES (923, 160, 7, 311, 4, NULL, NULL);
INSERT INTO `exam` VALUES (924, 160, 7, 312, 5, NULL, NULL);
INSERT INTO `exam` VALUES (925, 160, 7, 313, 6, NULL, NULL);
INSERT INTO `exam` VALUES (926, 160, 7, 314, 7, NULL, NULL);
INSERT INTO `exam` VALUES (927, 160, 7, 315, 8, NULL, NULL);
INSERT INTO `exam` VALUES (928, 160, 7, 316, 9, NULL, NULL);
INSERT INTO `exam` VALUES (929, 160, 7, 317, 10, NULL, NULL);
INSERT INTO `exam` VALUES (930, 160, 7, 318, 11, NULL, NULL);
INSERT INTO `exam` VALUES (931, 160, 7, 319, 12, NULL, NULL);
INSERT INTO `exam` VALUES (932, 160, 7, 320, 13, NULL, NULL);
INSERT INTO `exam` VALUES (933, 160, 7, 321, 14, NULL, NULL);
INSERT INTO `exam` VALUES (934, 160, 7, 322, 15, NULL, NULL);
INSERT INTO `exam` VALUES (935, 160, 7, 323, 16, NULL, NULL);
INSERT INTO `exam` VALUES (936, 160, 7, 324, 17, NULL, NULL);
INSERT INTO `exam` VALUES (937, 160, 7, 325, 18, NULL, NULL);
INSERT INTO `exam` VALUES (938, 160, 7, 326, 19, NULL, NULL);
INSERT INTO `exam` VALUES (939, 160, 7, 327, 20, NULL, NULL);
INSERT INTO `exam` VALUES (940, 160, 7, 328, 21, NULL, NULL);
INSERT INTO `exam` VALUES (941, 160, 7, 329, 22, NULL, NULL);
INSERT INTO `exam` VALUES (942, 160, 7, 330, 23, NULL, NULL);
INSERT INTO `exam` VALUES (943, 160, 8, 331, 24, NULL, NULL);
INSERT INTO `exam` VALUES (944, 160, 8, 332, 25, NULL, NULL);
INSERT INTO `exam` VALUES (945, 160, 8, 333, 26, NULL, NULL);
INSERT INTO `exam` VALUES (946, 160, 8, 334, 27, NULL, NULL);
INSERT INTO `exam` VALUES (947, 160, 8, 335, 28, NULL, NULL);
INSERT INTO `exam` VALUES (948, 160, 8, 336, 29, NULL, NULL);
INSERT INTO `exam` VALUES (949, 160, 8, 337, 30, NULL, NULL);
INSERT INTO `exam` VALUES (950, 161, 8, 338, 1, NULL, NULL);
INSERT INTO `exam` VALUES (951, 161, 8, 339, 2, NULL, NULL);
INSERT INTO `exam` VALUES (952, 161, 8, 340, 3, NULL, NULL);
INSERT INTO `exam` VALUES (953, 161, 8, 341, 4, NULL, NULL);
INSERT INTO `exam` VALUES (954, 161, 8, 342, 5, NULL, NULL);
INSERT INTO `exam` VALUES (955, 161, 8, 343, 6, NULL, NULL);
INSERT INTO `exam` VALUES (956, 161, 8, 344, 7, NULL, NULL);
INSERT INTO `exam` VALUES (957, 161, 8, 345, 8, NULL, NULL);
INSERT INTO `exam` VALUES (958, 161, 8, 346, 9, NULL, NULL);
INSERT INTO `exam` VALUES (959, 161, 8, 347, 10, NULL, NULL);
INSERT INTO `exam` VALUES (960, 161, 8, 348, 11, NULL, NULL);
INSERT INTO `exam` VALUES (961, 161, 8, 349, 12, NULL, NULL);
INSERT INTO `exam` VALUES (962, 161, 8, 350, 13, NULL, NULL);
INSERT INTO `exam` VALUES (963, 161, 8, 351, 14, NULL, NULL);
INSERT INTO `exam` VALUES (964, 161, 8, 352, 15, NULL, NULL);
INSERT INTO `exam` VALUES (965, 161, 8, 353, 16, NULL, NULL);
INSERT INTO `exam` VALUES (966, 161, 8, 354, 17, NULL, NULL);
INSERT INTO `exam` VALUES (967, 161, 8, 355, 18, NULL, NULL);
INSERT INTO `exam` VALUES (968, 161, 8, 356, 19, NULL, NULL);
INSERT INTO `exam` VALUES (969, 161, 8, 357, 20, NULL, NULL);
INSERT INTO `exam` VALUES (970, 161, 8, 358, 21, NULL, NULL);
INSERT INTO `exam` VALUES (971, 161, 8, 359, 22, NULL, NULL);
INSERT INTO `exam` VALUES (972, 161, 8, 360, 23, NULL, NULL);
INSERT INTO `exam` VALUES (973, 161, 8, 361, 24, NULL, NULL);
INSERT INTO `exam` VALUES (974, 161, 8, 362, 25, NULL, NULL);
INSERT INTO `exam` VALUES (975, 161, 8, 363, 26, NULL, NULL);
INSERT INTO `exam` VALUES (976, 161, 8, 364, 27, NULL, NULL);
INSERT INTO `exam` VALUES (977, 161, 8, 365, 28, NULL, NULL);
INSERT INTO `exam` VALUES (978, 161, 8, 366, 29, NULL, NULL);
INSERT INTO `exam` VALUES (979, 161, 8, 367, 30, NULL, NULL);
INSERT INTO `exam` VALUES (980, 162, 8, 368, 1, NULL, NULL);
INSERT INTO `exam` VALUES (981, 162, 8, 369, 2, NULL, NULL);
INSERT INTO `exam` VALUES (982, 162, 8, 370, 3, NULL, NULL);
INSERT INTO `exam` VALUES (983, 162, 8, 371, 4, NULL, NULL);
INSERT INTO `exam` VALUES (984, 162, 8, 372, 5, NULL, NULL);
INSERT INTO `exam` VALUES (985, 162, 8, 373, 6, NULL, NULL);
INSERT INTO `exam` VALUES (986, 162, 8, 374, 7, NULL, NULL);
INSERT INTO `exam` VALUES (987, 162, 8, 375, 8, NULL, NULL);
INSERT INTO `exam` VALUES (988, 162, 8, 376, 9, NULL, NULL);
INSERT INTO `exam` VALUES (989, 162, 8, 377, 10, NULL, NULL);
INSERT INTO `exam` VALUES (990, 162, 8, 378, 11, NULL, NULL);
INSERT INTO `exam` VALUES (991, 162, 8, 379, 12, NULL, NULL);
INSERT INTO `exam` VALUES (992, 162, 8, 380, 13, NULL, NULL);
INSERT INTO `exam` VALUES (993, 162, 8, 381, 14, NULL, NULL);
INSERT INTO `exam` VALUES (994, 162, 8, 382, 15, NULL, NULL);
INSERT INTO `exam` VALUES (995, 162, 8, 383, 16, NULL, NULL);
INSERT INTO `exam` VALUES (996, 162, 8, 384, 17, NULL, NULL);
INSERT INTO `exam` VALUES (997, 162, 9, 385, 18, NULL, NULL);
INSERT INTO `exam` VALUES (998, 162, 9, 386, 19, NULL, NULL);
INSERT INTO `exam` VALUES (999, 162, 9, 387, 20, NULL, NULL);
INSERT INTO `exam` VALUES (1000, 162, 9, 388, 21, NULL, NULL);
INSERT INTO `exam` VALUES (1001, 162, 9, 389, 22, NULL, NULL);
INSERT INTO `exam` VALUES (1002, 162, 9, 390, 23, NULL, NULL);
INSERT INTO `exam` VALUES (1003, 162, 9, 391, 24, NULL, NULL);
INSERT INTO `exam` VALUES (1004, 162, 9, 392, 25, NULL, NULL);
INSERT INTO `exam` VALUES (1005, 162, 9, 393, 26, NULL, NULL);
INSERT INTO `exam` VALUES (1006, 162, 9, 394, 27, NULL, NULL);
INSERT INTO `exam` VALUES (1007, 162, 9, 395, 28, NULL, NULL);
INSERT INTO `exam` VALUES (1008, 162, 9, 396, 29, NULL, NULL);
INSERT INTO `exam` VALUES (1009, 162, 9, 397, 30, NULL, NULL);
INSERT INTO `exam` VALUES (1010, 163, 9, 398, 1, NULL, NULL);
INSERT INTO `exam` VALUES (1011, 163, 9, 399, 2, NULL, NULL);
INSERT INTO `exam` VALUES (1012, 163, 9, 400, 3, NULL, NULL);
INSERT INTO `exam` VALUES (1013, 163, 9, 401, 4, NULL, NULL);
INSERT INTO `exam` VALUES (1014, 163, 9, 402, 5, NULL, NULL);
INSERT INTO `exam` VALUES (1015, 163, 9, 403, 6, NULL, NULL);
INSERT INTO `exam` VALUES (1016, 163, 9, 404, 7, NULL, NULL);
INSERT INTO `exam` VALUES (1017, 163, 9, 405, 8, NULL, NULL);
INSERT INTO `exam` VALUES (1018, 163, 9, 406, 9, NULL, NULL);
INSERT INTO `exam` VALUES (1019, 163, 9, 407, 10, NULL, NULL);
INSERT INTO `exam` VALUES (1020, 163, 9, 408, 11, NULL, NULL);
INSERT INTO `exam` VALUES (1021, 163, 9, 409, 12, NULL, NULL);
INSERT INTO `exam` VALUES (1022, 163, 9, 410, 13, NULL, NULL);
INSERT INTO `exam` VALUES (1023, 163, 9, 411, 14, NULL, NULL);
INSERT INTO `exam` VALUES (1024, 163, 9, 412, 15, NULL, NULL);
INSERT INTO `exam` VALUES (1025, 163, 9, 413, 16, NULL, NULL);
INSERT INTO `exam` VALUES (1026, 163, 9, 414, 17, NULL, NULL);
INSERT INTO `exam` VALUES (1027, 163, 9, 415, 18, NULL, NULL);
INSERT INTO `exam` VALUES (1028, 163, 9, 416, 19, NULL, NULL);
INSERT INTO `exam` VALUES (1029, 163, 9, 417, 20, NULL, NULL);
INSERT INTO `exam` VALUES (1030, 163, 9, 418, 21, NULL, NULL);
INSERT INTO `exam` VALUES (1031, 163, 9, 419, 22, NULL, NULL);
INSERT INTO `exam` VALUES (1032, 163, 9, 420, 23, NULL, NULL);
INSERT INTO `exam` VALUES (1033, 163, 9, 421, 24, NULL, NULL);
INSERT INTO `exam` VALUES (1034, 163, 9, 422, 25, NULL, NULL);
INSERT INTO `exam` VALUES (1035, 163, 9, 423, 26, NULL, NULL);
INSERT INTO `exam` VALUES (1036, 163, 9, 424, 27, NULL, NULL);
INSERT INTO `exam` VALUES (1037, 163, 9, 425, 28, NULL, NULL);
INSERT INTO `exam` VALUES (1038, 163, 9, 426, 29, NULL, NULL);
INSERT INTO `exam` VALUES (1039, 163, 9, 427, 30, NULL, NULL);
INSERT INTO `exam` VALUES (1040, 164, 1, 1, 1, NULL, NULL);
INSERT INTO `exam` VALUES (1041, 164, 1, 2, 2, NULL, NULL);
INSERT INTO `exam` VALUES (1042, 164, 1, 3, 3, NULL, NULL);
INSERT INTO `exam` VALUES (1043, 164, 1, 4, 4, NULL, NULL);
INSERT INTO `exam` VALUES (1044, 164, 1, 5, 5, NULL, NULL);
INSERT INTO `exam` VALUES (1045, 164, 1, 6, 6, NULL, NULL);
INSERT INTO `exam` VALUES (1046, 164, 1, 7, 7, NULL, NULL);
INSERT INTO `exam` VALUES (1047, 164, 1, 8, 8, NULL, NULL);
INSERT INTO `exam` VALUES (1048, 164, 1, 9, 9, NULL, NULL);
INSERT INTO `exam` VALUES (1049, 164, 1, 10, 10, NULL, NULL);
INSERT INTO `exam` VALUES (1050, 164, 1, 11, 11, NULL, NULL);
INSERT INTO `exam` VALUES (1051, 164, 1, 12, 12, NULL, NULL);
INSERT INTO `exam` VALUES (1052, 164, 1, 13, 13, NULL, NULL);
INSERT INTO `exam` VALUES (1053, 164, 1, 14, 14, NULL, NULL);
INSERT INTO `exam` VALUES (1054, 164, 1, 15, 15, NULL, NULL);
INSERT INTO `exam` VALUES (1055, 164, 1, 16, 16, NULL, NULL);
INSERT INTO `exam` VALUES (1056, 164, 1, 17, 17, NULL, NULL);
INSERT INTO `exam` VALUES (1057, 164, 1, 18, 18, NULL, NULL);
INSERT INTO `exam` VALUES (1058, 164, 1, 19, 19, NULL, NULL);
INSERT INTO `exam` VALUES (1059, 164, 1, 20, 20, NULL, NULL);
INSERT INTO `exam` VALUES (1060, 164, 1, 21, 21, NULL, NULL);
INSERT INTO `exam` VALUES (1061, 164, 1, 22, 22, NULL, NULL);
INSERT INTO `exam` VALUES (1062, 164, 1, 23, 23, NULL, NULL);
INSERT INTO `exam` VALUES (1063, 164, 1, 24, 24, NULL, NULL);
INSERT INTO `exam` VALUES (1064, 164, 1, 25, 25, NULL, NULL);
INSERT INTO `exam` VALUES (1065, 164, 1, 26, 26, NULL, NULL);
INSERT INTO `exam` VALUES (1066, 164, 1, 27, 27, NULL, NULL);
INSERT INTO `exam` VALUES (1067, 164, 1, 28, 28, NULL, NULL);
INSERT INTO `exam` VALUES (1068, 164, 1, 29, 29, NULL, NULL);
INSERT INTO `exam` VALUES (1069, 164, 1, 30, 30, NULL, NULL);
INSERT INTO `exam` VALUES (1070, 165, 1, 31, 1, NULL, NULL);
INSERT INTO `exam` VALUES (1071, 165, 1, 32, 2, NULL, NULL);
INSERT INTO `exam` VALUES (1072, 165, 1, 33, 3, NULL, NULL);
INSERT INTO `exam` VALUES (1073, 165, 1, 34, 4, NULL, NULL);
INSERT INTO `exam` VALUES (1074, 165, 1, 35, 5, NULL, NULL);
INSERT INTO `exam` VALUES (1075, 165, 1, 36, 6, NULL, NULL);
INSERT INTO `exam` VALUES (1076, 165, 1, 37, 7, NULL, NULL);
INSERT INTO `exam` VALUES (1077, 165, 1, 38, 8, NULL, NULL);
INSERT INTO `exam` VALUES (1078, 165, 1, 39, 9, NULL, NULL);
INSERT INTO `exam` VALUES (1079, 165, 1, 40, 10, NULL, NULL);
INSERT INTO `exam` VALUES (1080, 165, 2, 41, 11, NULL, NULL);
INSERT INTO `exam` VALUES (1081, 165, 2, 42, 12, NULL, NULL);
INSERT INTO `exam` VALUES (1082, 165, 2, 43, 13, NULL, NULL);
INSERT INTO `exam` VALUES (1083, 165, 2, 44, 14, NULL, NULL);
INSERT INTO `exam` VALUES (1084, 165, 2, 45, 15, NULL, NULL);
INSERT INTO `exam` VALUES (1085, 165, 2, 46, 16, NULL, NULL);
INSERT INTO `exam` VALUES (1086, 165, 2, 47, 17, NULL, NULL);
INSERT INTO `exam` VALUES (1087, 165, 2, 48, 18, NULL, NULL);
INSERT INTO `exam` VALUES (1088, 165, 2, 49, 19, NULL, NULL);
INSERT INTO `exam` VALUES (1089, 165, 2, 50, 20, NULL, NULL);
INSERT INTO `exam` VALUES (1090, 165, 2, 51, 21, NULL, NULL);
INSERT INTO `exam` VALUES (1091, 165, 2, 52, 22, NULL, NULL);
INSERT INTO `exam` VALUES (1092, 165, 2, 53, 23, NULL, NULL);
INSERT INTO `exam` VALUES (1093, 165, 2, 54, 24, NULL, NULL);
INSERT INTO `exam` VALUES (1094, 165, 2, 55, 25, NULL, NULL);
INSERT INTO `exam` VALUES (1095, 165, 2, 56, 26, NULL, NULL);
INSERT INTO `exam` VALUES (1096, 165, 2, 57, 27, NULL, NULL);
INSERT INTO `exam` VALUES (1097, 165, 2, 58, 28, NULL, NULL);
INSERT INTO `exam` VALUES (1098, 165, 2, 59, 29, NULL, NULL);
INSERT INTO `exam` VALUES (1099, 165, 2, 60, 30, NULL, NULL);
INSERT INTO `exam` VALUES (1100, 166, 2, 61, 1, NULL, NULL);
INSERT INTO `exam` VALUES (1101, 166, 2, 62, 2, NULL, NULL);
INSERT INTO `exam` VALUES (1102, 166, 2, 63, 3, NULL, NULL);
INSERT INTO `exam` VALUES (1103, 166, 2, 64, 4, NULL, NULL);
INSERT INTO `exam` VALUES (1104, 166, 2, 65, 5, NULL, NULL);
INSERT INTO `exam` VALUES (1105, 166, 2, 66, 6, NULL, NULL);
INSERT INTO `exam` VALUES (1106, 166, 2, 67, 7, NULL, NULL);
INSERT INTO `exam` VALUES (1107, 166, 2, 68, 8, NULL, NULL);
INSERT INTO `exam` VALUES (1108, 166, 2, 69, 9, NULL, NULL);
INSERT INTO `exam` VALUES (1109, 166, 2, 70, 10, NULL, NULL);
INSERT INTO `exam` VALUES (1110, 166, 2, 71, 11, NULL, NULL);
INSERT INTO `exam` VALUES (1111, 166, 2, 72, 12, NULL, NULL);
INSERT INTO `exam` VALUES (1112, 166, 2, 73, 13, NULL, NULL);
INSERT INTO `exam` VALUES (1113, 166, 2, 74, 14, NULL, NULL);
INSERT INTO `exam` VALUES (1114, 166, 2, 75, 15, NULL, NULL);
INSERT INTO `exam` VALUES (1115, 166, 2, 76, 16, NULL, NULL);
INSERT INTO `exam` VALUES (1116, 166, 2, 77, 17, NULL, NULL);
INSERT INTO `exam` VALUES (1117, 166, 2, 78, 18, NULL, NULL);
INSERT INTO `exam` VALUES (1118, 166, 2, 79, 19, NULL, NULL);
INSERT INTO `exam` VALUES (1119, 166, 2, 80, 20, NULL, NULL);
INSERT INTO `exam` VALUES (1120, 166, 2, 81, 21, NULL, NULL);
INSERT INTO `exam` VALUES (1121, 166, 3, 82, 22, NULL, NULL);
INSERT INTO `exam` VALUES (1122, 166, 3, 83, 23, NULL, NULL);
INSERT INTO `exam` VALUES (1123, 166, 3, 84, 24, NULL, NULL);
INSERT INTO `exam` VALUES (1124, 166, 3, 85, 25, NULL, NULL);
INSERT INTO `exam` VALUES (1125, 166, 3, 86, 26, NULL, NULL);
INSERT INTO `exam` VALUES (1126, 166, 3, 87, 27, NULL, NULL);
INSERT INTO `exam` VALUES (1127, 166, 3, 88, 28, NULL, NULL);
INSERT INTO `exam` VALUES (1128, 166, 3, 89, 29, NULL, NULL);
INSERT INTO `exam` VALUES (1129, 166, 3, 90, 30, NULL, NULL);
INSERT INTO `exam` VALUES (1130, 167, 3, 91, 1, NULL, NULL);
INSERT INTO `exam` VALUES (1131, 167, 3, 92, 2, NULL, NULL);
INSERT INTO `exam` VALUES (1132, 167, 3, 93, 3, NULL, NULL);
INSERT INTO `exam` VALUES (1133, 167, 3, 94, 4, NULL, NULL);
INSERT INTO `exam` VALUES (1134, 167, 3, 95, 5, NULL, NULL);
INSERT INTO `exam` VALUES (1135, 167, 3, 96, 6, NULL, NULL);
INSERT INTO `exam` VALUES (1136, 167, 3, 97, 7, NULL, NULL);
INSERT INTO `exam` VALUES (1137, 167, 3, 98, 8, NULL, NULL);
INSERT INTO `exam` VALUES (1138, 167, 3, 99, 9, NULL, NULL);
INSERT INTO `exam` VALUES (1139, 167, 3, 100, 10, NULL, NULL);
INSERT INTO `exam` VALUES (1140, 167, 3, 101, 11, NULL, NULL);
INSERT INTO `exam` VALUES (1141, 167, 3, 102, 12, NULL, NULL);
INSERT INTO `exam` VALUES (1142, 167, 3, 103, 13, NULL, NULL);
INSERT INTO `exam` VALUES (1143, 167, 3, 104, 14, NULL, NULL);
INSERT INTO `exam` VALUES (1144, 167, 3, 105, 15, NULL, NULL);
INSERT INTO `exam` VALUES (1145, 167, 3, 106, 16, NULL, NULL);
INSERT INTO `exam` VALUES (1146, 167, 3, 107, 17, NULL, NULL);
INSERT INTO `exam` VALUES (1147, 167, 3, 108, 18, NULL, NULL);
INSERT INTO `exam` VALUES (1148, 167, 3, 109, 19, NULL, NULL);
INSERT INTO `exam` VALUES (1149, 167, 3, 110, 20, NULL, NULL);
INSERT INTO `exam` VALUES (1150, 167, 3, 111, 21, NULL, NULL);
INSERT INTO `exam` VALUES (1151, 167, 3, 112, 22, NULL, NULL);
INSERT INTO `exam` VALUES (1152, 167, 3, 113, 23, NULL, NULL);
INSERT INTO `exam` VALUES (1153, 167, 3, 114, 24, NULL, NULL);
INSERT INTO `exam` VALUES (1154, 167, 3, 115, 25, NULL, NULL);
INSERT INTO `exam` VALUES (1155, 167, 3, 116, 26, NULL, NULL);
INSERT INTO `exam` VALUES (1156, 167, 3, 117, 27, NULL, NULL);
INSERT INTO `exam` VALUES (1157, 167, 3, 118, 28, NULL, NULL);
INSERT INTO `exam` VALUES (1158, 167, 3, 119, 29, NULL, NULL);
INSERT INTO `exam` VALUES (1159, 167, 3, 120, 30, NULL, NULL);
INSERT INTO `exam` VALUES (1160, 168, 3, 121, 1, NULL, NULL);
INSERT INTO `exam` VALUES (1161, 169, 4, 122, 1, NULL, NULL);
INSERT INTO `exam` VALUES (1162, 169, 4, 123, 2, NULL, NULL);
INSERT INTO `exam` VALUES (1163, 169, 4, 124, 3, NULL, NULL);
INSERT INTO `exam` VALUES (1164, 169, 4, 125, 4, NULL, NULL);
INSERT INTO `exam` VALUES (1165, 169, 4, 126, 5, NULL, NULL);
INSERT INTO `exam` VALUES (1166, 169, 4, 127, 6, NULL, NULL);
INSERT INTO `exam` VALUES (1167, 169, 4, 128, 7, NULL, NULL);
INSERT INTO `exam` VALUES (1168, 169, 4, 129, 8, NULL, NULL);
INSERT INTO `exam` VALUES (1169, 169, 4, 130, 9, NULL, NULL);
INSERT INTO `exam` VALUES (1170, 169, 4, 131, 10, NULL, NULL);
INSERT INTO `exam` VALUES (1171, 169, 4, 132, 11, NULL, NULL);
INSERT INTO `exam` VALUES (1172, 169, 4, 133, 12, NULL, NULL);
INSERT INTO `exam` VALUES (1173, 169, 4, 134, 13, NULL, NULL);
INSERT INTO `exam` VALUES (1174, 169, 4, 135, 14, NULL, NULL);
INSERT INTO `exam` VALUES (1175, 169, 4, 136, 15, NULL, NULL);
INSERT INTO `exam` VALUES (1176, 169, 4, 137, 16, NULL, NULL);
INSERT INTO `exam` VALUES (1177, 169, 4, 138, 17, NULL, NULL);
INSERT INTO `exam` VALUES (1178, 169, 4, 139, 18, NULL, NULL);
INSERT INTO `exam` VALUES (1179, 169, 4, 140, 19, NULL, NULL);
INSERT INTO `exam` VALUES (1180, 169, 4, 141, 20, NULL, NULL);
INSERT INTO `exam` VALUES (1181, 169, 4, 142, 21, NULL, NULL);
INSERT INTO `exam` VALUES (1182, 169, 4, 143, 22, NULL, NULL);
INSERT INTO `exam` VALUES (1183, 169, 4, 144, 23, NULL, NULL);
INSERT INTO `exam` VALUES (1184, 169, 4, 145, 24, NULL, NULL);
INSERT INTO `exam` VALUES (1185, 169, 4, 146, 25, NULL, NULL);
INSERT INTO `exam` VALUES (1186, 169, 4, 147, 26, NULL, NULL);
INSERT INTO `exam` VALUES (1187, 169, 4, 148, 27, NULL, NULL);
INSERT INTO `exam` VALUES (1188, 169, 4, 149, 28, NULL, NULL);
INSERT INTO `exam` VALUES (1189, 169, 4, 150, 29, NULL, NULL);
INSERT INTO `exam` VALUES (1190, 169, 4, 151, 30, NULL, NULL);
INSERT INTO `exam` VALUES (1191, 170, 4, 152, 1, NULL, NULL);
INSERT INTO `exam` VALUES (1192, 170, 4, 153, 2, NULL, NULL);
INSERT INTO `exam` VALUES (1193, 170, 4, 154, 3, NULL, NULL);
INSERT INTO `exam` VALUES (1194, 170, 4, 155, 4, NULL, NULL);
INSERT INTO `exam` VALUES (1195, 170, 4, 156, 5, NULL, NULL);
INSERT INTO `exam` VALUES (1196, 170, 4, 157, 6, NULL, NULL);
INSERT INTO `exam` VALUES (1197, 170, 4, 158, 7, NULL, NULL);
INSERT INTO `exam` VALUES (1198, 170, 4, 159, 8, NULL, NULL);
INSERT INTO `exam` VALUES (1199, 170, 4, 160, 9, NULL, NULL);
INSERT INTO `exam` VALUES (1200, 170, 4, 161, 10, NULL, NULL);
INSERT INTO `exam` VALUES (1201, 170, 4, 162, 11, NULL, NULL);
INSERT INTO `exam` VALUES (1202, 170, 4, 163, 12, NULL, NULL);
INSERT INTO `exam` VALUES (1203, 170, 4, 164, 13, NULL, NULL);
INSERT INTO `exam` VALUES (1204, 170, 4, 165, 14, NULL, NULL);
INSERT INTO `exam` VALUES (1205, 170, 4, 166, 15, NULL, NULL);
INSERT INTO `exam` VALUES (1206, 170, 4, 167, 16, NULL, NULL);
INSERT INTO `exam` VALUES (1207, 170, 4, 168, 17, NULL, NULL);
INSERT INTO `exam` VALUES (1208, 170, 4, 169, 18, NULL, NULL);
INSERT INTO `exam` VALUES (1209, 170, 4, 170, 19, NULL, NULL);
INSERT INTO `exam` VALUES (1210, 170, 4, 171, 20, NULL, NULL);
INSERT INTO `exam` VALUES (1211, 170, 4, 172, 21, NULL, NULL);
INSERT INTO `exam` VALUES (1212, 170, 4, 173, 22, NULL, NULL);
INSERT INTO `exam` VALUES (1213, 170, 5, 174, 23, NULL, NULL);
INSERT INTO `exam` VALUES (1214, 170, 5, 175, 24, NULL, NULL);
INSERT INTO `exam` VALUES (1215, 170, 5, 176, 25, NULL, NULL);
INSERT INTO `exam` VALUES (1216, 170, 5, 177, 26, NULL, NULL);
INSERT INTO `exam` VALUES (1217, 170, 5, 178, 27, NULL, NULL);
INSERT INTO `exam` VALUES (1218, 170, 5, 179, 28, NULL, NULL);
INSERT INTO `exam` VALUES (1219, 170, 5, 180, 29, NULL, NULL);
INSERT INTO `exam` VALUES (1220, 170, 5, 181, 30, NULL, NULL);
INSERT INTO `exam` VALUES (1221, 171, 5, 182, 1, NULL, NULL);
INSERT INTO `exam` VALUES (1222, 171, 5, 183, 2, NULL, NULL);
INSERT INTO `exam` VALUES (1223, 171, 5, 184, 3, NULL, NULL);
INSERT INTO `exam` VALUES (1224, 171, 5, 185, 4, NULL, NULL);
INSERT INTO `exam` VALUES (1225, 171, 5, 186, 5, NULL, NULL);
INSERT INTO `exam` VALUES (1226, 171, 5, 187, 6, NULL, NULL);
INSERT INTO `exam` VALUES (1227, 171, 5, 188, 7, NULL, NULL);
INSERT INTO `exam` VALUES (1228, 171, 5, 189, 8, NULL, NULL);
INSERT INTO `exam` VALUES (1229, 171, 5, 190, 9, NULL, NULL);
INSERT INTO `exam` VALUES (1230, 171, 5, 191, 10, NULL, NULL);
INSERT INTO `exam` VALUES (1231, 171, 5, 192, 11, NULL, NULL);
INSERT INTO `exam` VALUES (1232, 171, 5, 193, 12, NULL, NULL);
INSERT INTO `exam` VALUES (1233, 171, 5, 194, 13, NULL, NULL);
INSERT INTO `exam` VALUES (1234, 171, 5, 195, 14, NULL, NULL);
INSERT INTO `exam` VALUES (1235, 171, 5, 196, 15, NULL, NULL);
INSERT INTO `exam` VALUES (1236, 171, 5, 197, 16, NULL, NULL);
INSERT INTO `exam` VALUES (1237, 171, 5, 198, 17, NULL, NULL);
INSERT INTO `exam` VALUES (1238, 171, 5, 199, 18, NULL, NULL);
INSERT INTO `exam` VALUES (1239, 171, 5, 200, 19, NULL, NULL);
INSERT INTO `exam` VALUES (1240, 171, 5, 201, 20, NULL, NULL);
INSERT INTO `exam` VALUES (1241, 171, 5, 202, 21, NULL, NULL);
INSERT INTO `exam` VALUES (1242, 171, 5, 203, 22, NULL, NULL);
INSERT INTO `exam` VALUES (1243, 171, 5, 204, 23, NULL, NULL);
INSERT INTO `exam` VALUES (1244, 171, 5, 205, 24, NULL, NULL);
INSERT INTO `exam` VALUES (1245, 171, 5, 206, 25, NULL, NULL);
INSERT INTO `exam` VALUES (1246, 171, 5, 207, 26, NULL, NULL);
INSERT INTO `exam` VALUES (1247, 171, 5, 208, 27, NULL, NULL);
INSERT INTO `exam` VALUES (1248, 171, 5, 209, 28, NULL, NULL);
INSERT INTO `exam` VALUES (1249, 171, 5, 210, 29, NULL, NULL);
INSERT INTO `exam` VALUES (1250, 171, 5, 211, 30, NULL, NULL);
INSERT INTO `exam` VALUES (1251, 172, 5, 212, 1, NULL, NULL);
INSERT INTO `exam` VALUES (1252, 172, 5, 213, 2, NULL, NULL);
INSERT INTO `exam` VALUES (1253, 172, 5, 214, 3, NULL, NULL);
INSERT INTO `exam` VALUES (1254, 172, 5, 215, 4, NULL, NULL);
INSERT INTO `exam` VALUES (1255, 172, 5, 216, 5, NULL, NULL);
INSERT INTO `exam` VALUES (1256, 172, 5, 217, 6, NULL, NULL);
INSERT INTO `exam` VALUES (1257, 172, 5, 218, 7, NULL, NULL);
INSERT INTO `exam` VALUES (1258, 172, 5, 219, 8, NULL, NULL);
INSERT INTO `exam` VALUES (1259, 172, 5, 220, 9, NULL, NULL);
INSERT INTO `exam` VALUES (1260, 172, 5, 221, 10, NULL, NULL);
INSERT INTO `exam` VALUES (1261, 172, 5, 222, 11, NULL, NULL);
INSERT INTO `exam` VALUES (1262, 172, 5, 223, 12, NULL, NULL);
INSERT INTO `exam` VALUES (1263, 172, 5, 224, 13, NULL, NULL);
INSERT INTO `exam` VALUES (1264, 172, 5, 225, 14, NULL, NULL);
INSERT INTO `exam` VALUES (1265, 172, 6, 226, 15, NULL, NULL);
INSERT INTO `exam` VALUES (1266, 172, 6, 227, 16, NULL, NULL);
INSERT INTO `exam` VALUES (1267, 172, 6, 228, 17, NULL, NULL);
INSERT INTO `exam` VALUES (1268, 172, 6, 229, 18, NULL, NULL);
INSERT INTO `exam` VALUES (1269, 172, 6, 230, 19, NULL, NULL);
INSERT INTO `exam` VALUES (1270, 172, 6, 231, 20, NULL, NULL);
INSERT INTO `exam` VALUES (1271, 172, 6, 232, 21, NULL, NULL);
INSERT INTO `exam` VALUES (1272, 172, 6, 233, 22, NULL, NULL);
INSERT INTO `exam` VALUES (1273, 172, 6, 234, 23, NULL, NULL);
INSERT INTO `exam` VALUES (1274, 172, 6, 235, 24, NULL, NULL);
INSERT INTO `exam` VALUES (1275, 172, 6, 236, 25, NULL, NULL);
INSERT INTO `exam` VALUES (1276, 172, 6, 237, 26, NULL, NULL);
INSERT INTO `exam` VALUES (1277, 172, 6, 238, 27, NULL, NULL);
INSERT INTO `exam` VALUES (1278, 172, 6, 239, 28, NULL, NULL);
INSERT INTO `exam` VALUES (1279, 172, 6, 240, 29, NULL, NULL);
INSERT INTO `exam` VALUES (1280, 172, 6, 241, 30, NULL, NULL);
INSERT INTO `exam` VALUES (1281, 173, 6, 242, 1, NULL, NULL);
INSERT INTO `exam` VALUES (1282, 173, 6, 243, 2, NULL, NULL);
INSERT INTO `exam` VALUES (1283, 173, 6, 244, 3, NULL, NULL);
INSERT INTO `exam` VALUES (1284, 173, 6, 245, 4, NULL, NULL);
INSERT INTO `exam` VALUES (1285, 173, 6, 246, 5, NULL, NULL);
INSERT INTO `exam` VALUES (1286, 173, 6, 247, 6, NULL, NULL);
INSERT INTO `exam` VALUES (1287, 173, 6, 248, 7, NULL, NULL);
INSERT INTO `exam` VALUES (1288, 173, 6, 249, 8, NULL, NULL);
INSERT INTO `exam` VALUES (1289, 173, 6, 250, 9, NULL, NULL);
INSERT INTO `exam` VALUES (1290, 173, 6, 251, 10, NULL, NULL);
INSERT INTO `exam` VALUES (1291, 173, 6, 252, 11, NULL, NULL);
INSERT INTO `exam` VALUES (1292, 173, 6, 253, 12, NULL, NULL);
INSERT INTO `exam` VALUES (1293, 173, 6, 254, 13, NULL, NULL);
INSERT INTO `exam` VALUES (1294, 173, 6, 255, 14, NULL, NULL);
INSERT INTO `exam` VALUES (1295, 173, 6, 256, 15, NULL, NULL);
INSERT INTO `exam` VALUES (1296, 173, 6, 257, 16, NULL, NULL);
INSERT INTO `exam` VALUES (1297, 173, 6, 258, 17, NULL, NULL);
INSERT INTO `exam` VALUES (1298, 173, 6, 259, 18, NULL, NULL);
INSERT INTO `exam` VALUES (1299, 173, 6, 260, 19, NULL, NULL);
INSERT INTO `exam` VALUES (1300, 173, 6, 261, 20, NULL, NULL);
INSERT INTO `exam` VALUES (1301, 173, 6, 262, 21, NULL, NULL);
INSERT INTO `exam` VALUES (1302, 173, 6, 263, 22, NULL, NULL);
INSERT INTO `exam` VALUES (1303, 173, 6, 264, 23, NULL, NULL);
INSERT INTO `exam` VALUES (1304, 173, 6, 265, 24, NULL, NULL);
INSERT INTO `exam` VALUES (1305, 173, 6, 266, 25, NULL, NULL);
INSERT INTO `exam` VALUES (1306, 173, 6, 267, 26, NULL, NULL);
INSERT INTO `exam` VALUES (1307, 173, 6, 268, 27, NULL, NULL);
INSERT INTO `exam` VALUES (1308, 173, 6, 269, 28, NULL, NULL);
INSERT INTO `exam` VALUES (1309, 173, 6, 270, 29, NULL, NULL);
INSERT INTO `exam` VALUES (1310, 173, 6, 271, 30, NULL, NULL);
INSERT INTO `exam` VALUES (1311, 174, 6, 272, 1, NULL, NULL);
INSERT INTO `exam` VALUES (1312, 174, 6, 273, 2, NULL, NULL);
INSERT INTO `exam` VALUES (1313, 174, 6, 274, 3, NULL, NULL);
INSERT INTO `exam` VALUES (1314, 174, 6, 275, 4, NULL, NULL);
INSERT INTO `exam` VALUES (1315, 174, 6, 276, 5, NULL, NULL);
INSERT INTO `exam` VALUES (1316, 174, 6, 277, 6, NULL, NULL);
INSERT INTO `exam` VALUES (1317, 175, 7, 278, 1, NULL, NULL);
INSERT INTO `exam` VALUES (1318, 175, 7, 279, 2, NULL, NULL);
INSERT INTO `exam` VALUES (1319, 175, 7, 280, 3, NULL, NULL);
INSERT INTO `exam` VALUES (1320, 175, 7, 281, 4, NULL, NULL);
INSERT INTO `exam` VALUES (1321, 175, 7, 282, 5, NULL, NULL);
INSERT INTO `exam` VALUES (1322, 175, 7, 283, 6, NULL, NULL);
INSERT INTO `exam` VALUES (1323, 175, 7, 284, 7, NULL, NULL);
INSERT INTO `exam` VALUES (1324, 175, 7, 285, 8, NULL, NULL);
INSERT INTO `exam` VALUES (1325, 175, 7, 286, 9, NULL, NULL);
INSERT INTO `exam` VALUES (1326, 175, 7, 287, 10, NULL, NULL);
INSERT INTO `exam` VALUES (1327, 175, 7, 288, 11, NULL, NULL);
INSERT INTO `exam` VALUES (1328, 175, 7, 289, 12, NULL, NULL);
INSERT INTO `exam` VALUES (1329, 175, 7, 290, 13, NULL, NULL);
INSERT INTO `exam` VALUES (1330, 175, 7, 291, 14, NULL, NULL);
INSERT INTO `exam` VALUES (1331, 175, 7, 292, 15, NULL, NULL);
INSERT INTO `exam` VALUES (1332, 175, 7, 293, 16, NULL, NULL);
INSERT INTO `exam` VALUES (1333, 175, 7, 294, 17, NULL, NULL);
INSERT INTO `exam` VALUES (1334, 175, 7, 295, 18, NULL, NULL);
INSERT INTO `exam` VALUES (1335, 175, 7, 296, 19, NULL, NULL);
INSERT INTO `exam` VALUES (1336, 175, 7, 297, 20, NULL, NULL);
INSERT INTO `exam` VALUES (1337, 175, 7, 298, 21, NULL, NULL);
INSERT INTO `exam` VALUES (1338, 175, 7, 299, 22, NULL, NULL);
INSERT INTO `exam` VALUES (1339, 175, 7, 300, 23, NULL, NULL);
INSERT INTO `exam` VALUES (1340, 175, 7, 301, 24, NULL, NULL);
INSERT INTO `exam` VALUES (1341, 175, 7, 302, 25, NULL, NULL);
INSERT INTO `exam` VALUES (1342, 175, 7, 303, 26, NULL, NULL);
INSERT INTO `exam` VALUES (1343, 175, 7, 304, 27, NULL, NULL);
INSERT INTO `exam` VALUES (1344, 175, 7, 305, 28, NULL, NULL);
INSERT INTO `exam` VALUES (1345, 175, 7, 306, 29, NULL, NULL);
INSERT INTO `exam` VALUES (1346, 175, 7, 307, 30, NULL, NULL);
INSERT INTO `exam` VALUES (1347, 176, 7, 308, 1, NULL, NULL);
INSERT INTO `exam` VALUES (1348, 176, 7, 309, 2, NULL, NULL);
INSERT INTO `exam` VALUES (1349, 176, 7, 310, 3, NULL, NULL);
INSERT INTO `exam` VALUES (1350, 176, 7, 311, 4, NULL, NULL);
INSERT INTO `exam` VALUES (1351, 176, 7, 312, 5, NULL, NULL);
INSERT INTO `exam` VALUES (1352, 176, 7, 313, 6, NULL, NULL);
INSERT INTO `exam` VALUES (1353, 176, 7, 314, 7, NULL, NULL);
INSERT INTO `exam` VALUES (1354, 176, 7, 315, 8, NULL, NULL);
INSERT INTO `exam` VALUES (1355, 176, 7, 316, 9, NULL, NULL);
INSERT INTO `exam` VALUES (1356, 176, 7, 317, 10, NULL, NULL);
INSERT INTO `exam` VALUES (1357, 176, 7, 318, 11, NULL, NULL);
INSERT INTO `exam` VALUES (1358, 176, 7, 319, 12, NULL, NULL);
INSERT INTO `exam` VALUES (1359, 176, 7, 320, 13, NULL, NULL);
INSERT INTO `exam` VALUES (1360, 176, 7, 321, 14, NULL, NULL);
INSERT INTO `exam` VALUES (1361, 176, 7, 322, 15, NULL, NULL);
INSERT INTO `exam` VALUES (1362, 176, 7, 323, 16, NULL, NULL);
INSERT INTO `exam` VALUES (1363, 176, 7, 324, 17, NULL, NULL);
INSERT INTO `exam` VALUES (1364, 176, 7, 325, 18, NULL, NULL);
INSERT INTO `exam` VALUES (1365, 176, 7, 326, 19, NULL, NULL);
INSERT INTO `exam` VALUES (1366, 176, 7, 327, 20, NULL, NULL);
INSERT INTO `exam` VALUES (1367, 176, 7, 328, 21, NULL, NULL);
INSERT INTO `exam` VALUES (1368, 176, 7, 329, 22, NULL, NULL);
INSERT INTO `exam` VALUES (1369, 176, 7, 330, 23, NULL, NULL);
INSERT INTO `exam` VALUES (1370, 176, 8, 331, 24, NULL, NULL);
INSERT INTO `exam` VALUES (1371, 176, 8, 332, 25, NULL, NULL);
INSERT INTO `exam` VALUES (1372, 176, 8, 333, 26, NULL, NULL);
INSERT INTO `exam` VALUES (1373, 176, 8, 334, 27, NULL, NULL);
INSERT INTO `exam` VALUES (1374, 176, 8, 335, 28, NULL, NULL);
INSERT INTO `exam` VALUES (1375, 176, 8, 336, 29, NULL, NULL);
INSERT INTO `exam` VALUES (1376, 176, 8, 337, 30, NULL, NULL);
INSERT INTO `exam` VALUES (1377, 177, 8, 338, 1, NULL, NULL);
INSERT INTO `exam` VALUES (1378, 177, 8, 339, 2, NULL, NULL);
INSERT INTO `exam` VALUES (1379, 177, 8, 340, 3, NULL, NULL);
INSERT INTO `exam` VALUES (1380, 177, 8, 341, 4, NULL, NULL);
INSERT INTO `exam` VALUES (1381, 177, 8, 342, 5, NULL, NULL);
INSERT INTO `exam` VALUES (1382, 177, 8, 343, 6, NULL, NULL);
INSERT INTO `exam` VALUES (1383, 177, 8, 344, 7, NULL, NULL);
INSERT INTO `exam` VALUES (1384, 177, 8, 345, 8, NULL, NULL);
INSERT INTO `exam` VALUES (1385, 177, 8, 346, 9, NULL, NULL);
INSERT INTO `exam` VALUES (1386, 177, 8, 347, 10, NULL, NULL);
INSERT INTO `exam` VALUES (1387, 177, 8, 348, 11, NULL, NULL);
INSERT INTO `exam` VALUES (1388, 177, 8, 349, 12, NULL, NULL);
INSERT INTO `exam` VALUES (1389, 177, 8, 350, 13, NULL, NULL);
INSERT INTO `exam` VALUES (1390, 177, 8, 351, 14, NULL, NULL);
INSERT INTO `exam` VALUES (1391, 177, 8, 352, 15, NULL, NULL);
INSERT INTO `exam` VALUES (1392, 177, 8, 353, 16, NULL, NULL);
INSERT INTO `exam` VALUES (1393, 177, 8, 354, 17, NULL, NULL);
INSERT INTO `exam` VALUES (1394, 177, 8, 355, 18, NULL, NULL);
INSERT INTO `exam` VALUES (1395, 177, 8, 356, 19, NULL, NULL);
INSERT INTO `exam` VALUES (1396, 177, 8, 357, 20, NULL, NULL);
INSERT INTO `exam` VALUES (1397, 177, 8, 358, 21, NULL, NULL);
INSERT INTO `exam` VALUES (1398, 177, 8, 359, 22, NULL, NULL);
INSERT INTO `exam` VALUES (1399, 177, 8, 360, 23, NULL, NULL);
INSERT INTO `exam` VALUES (1400, 177, 8, 361, 24, NULL, NULL);
INSERT INTO `exam` VALUES (1401, 177, 8, 362, 25, NULL, NULL);
INSERT INTO `exam` VALUES (1402, 177, 8, 363, 26, NULL, NULL);
INSERT INTO `exam` VALUES (1403, 177, 8, 364, 27, NULL, NULL);
INSERT INTO `exam` VALUES (1404, 177, 8, 365, 28, NULL, NULL);
INSERT INTO `exam` VALUES (1405, 177, 8, 366, 29, NULL, NULL);
INSERT INTO `exam` VALUES (1406, 177, 8, 367, 30, NULL, NULL);
INSERT INTO `exam` VALUES (1407, 178, 8, 368, 1, NULL, NULL);
INSERT INTO `exam` VALUES (1408, 178, 8, 369, 2, NULL, NULL);
INSERT INTO `exam` VALUES (1409, 178, 8, 370, 3, NULL, NULL);
INSERT INTO `exam` VALUES (1410, 178, 8, 371, 4, NULL, NULL);
INSERT INTO `exam` VALUES (1411, 178, 8, 372, 5, NULL, NULL);
INSERT INTO `exam` VALUES (1412, 178, 8, 373, 6, NULL, NULL);
INSERT INTO `exam` VALUES (1413, 178, 8, 374, 7, NULL, NULL);
INSERT INTO `exam` VALUES (1414, 178, 8, 375, 8, NULL, NULL);
INSERT INTO `exam` VALUES (1415, 178, 8, 376, 9, NULL, NULL);
INSERT INTO `exam` VALUES (1416, 178, 8, 377, 10, NULL, NULL);
INSERT INTO `exam` VALUES (1417, 178, 8, 378, 11, NULL, NULL);
INSERT INTO `exam` VALUES (1418, 178, 8, 379, 12, NULL, NULL);
INSERT INTO `exam` VALUES (1419, 178, 8, 380, 13, NULL, NULL);
INSERT INTO `exam` VALUES (1420, 178, 8, 381, 14, NULL, NULL);
INSERT INTO `exam` VALUES (1421, 178, 8, 382, 15, NULL, NULL);
INSERT INTO `exam` VALUES (1422, 178, 8, 383, 16, NULL, NULL);
INSERT INTO `exam` VALUES (1423, 178, 8, 384, 17, NULL, NULL);
INSERT INTO `exam` VALUES (1424, 178, 9, 385, 18, NULL, NULL);
INSERT INTO `exam` VALUES (1425, 178, 9, 386, 19, NULL, NULL);
INSERT INTO `exam` VALUES (1426, 178, 9, 387, 20, NULL, NULL);
INSERT INTO `exam` VALUES (1427, 178, 9, 388, 21, NULL, NULL);
INSERT INTO `exam` VALUES (1428, 178, 9, 389, 22, NULL, NULL);
INSERT INTO `exam` VALUES (1429, 178, 9, 390, 23, NULL, NULL);
INSERT INTO `exam` VALUES (1430, 178, 9, 391, 24, NULL, NULL);
INSERT INTO `exam` VALUES (1431, 178, 9, 392, 25, NULL, NULL);
INSERT INTO `exam` VALUES (1432, 178, 9, 393, 26, NULL, NULL);
INSERT INTO `exam` VALUES (1433, 178, 9, 394, 27, NULL, NULL);
INSERT INTO `exam` VALUES (1434, 178, 9, 395, 28, NULL, NULL);
INSERT INTO `exam` VALUES (1435, 178, 9, 396, 29, NULL, NULL);
INSERT INTO `exam` VALUES (1436, 178, 9, 397, 30, NULL, NULL);
INSERT INTO `exam` VALUES (1437, 179, 9, 398, 1, NULL, NULL);
INSERT INTO `exam` VALUES (1438, 179, 9, 399, 2, NULL, NULL);
INSERT INTO `exam` VALUES (1439, 179, 9, 400, 3, NULL, NULL);
INSERT INTO `exam` VALUES (1440, 179, 9, 401, 4, NULL, NULL);
INSERT INTO `exam` VALUES (1441, 179, 9, 402, 5, NULL, NULL);
INSERT INTO `exam` VALUES (1442, 179, 9, 403, 6, NULL, NULL);
INSERT INTO `exam` VALUES (1443, 179, 9, 404, 7, NULL, NULL);
INSERT INTO `exam` VALUES (1444, 179, 9, 405, 8, NULL, NULL);
INSERT INTO `exam` VALUES (1445, 179, 9, 406, 9, NULL, NULL);
INSERT INTO `exam` VALUES (1446, 179, 9, 407, 10, NULL, NULL);
INSERT INTO `exam` VALUES (1447, 179, 9, 408, 11, NULL, NULL);
INSERT INTO `exam` VALUES (1448, 179, 9, 409, 12, NULL, NULL);
INSERT INTO `exam` VALUES (1449, 179, 9, 410, 13, NULL, NULL);
INSERT INTO `exam` VALUES (1450, 179, 9, 411, 14, NULL, NULL);
INSERT INTO `exam` VALUES (1451, 179, 9, 412, 15, NULL, NULL);
INSERT INTO `exam` VALUES (1452, 179, 9, 413, 16, NULL, NULL);
INSERT INTO `exam` VALUES (1453, 179, 9, 414, 17, NULL, NULL);
INSERT INTO `exam` VALUES (1454, 179, 9, 415, 18, NULL, NULL);
INSERT INTO `exam` VALUES (1455, 179, 9, 416, 19, NULL, NULL);
INSERT INTO `exam` VALUES (1456, 179, 9, 417, 20, NULL, NULL);
INSERT INTO `exam` VALUES (1457, 179, 9, 418, 21, NULL, NULL);
INSERT INTO `exam` VALUES (1458, 179, 9, 419, 22, NULL, NULL);
INSERT INTO `exam` VALUES (1459, 179, 9, 420, 23, NULL, NULL);
INSERT INTO `exam` VALUES (1460, 179, 9, 421, 24, NULL, NULL);
INSERT INTO `exam` VALUES (1461, 179, 9, 422, 25, NULL, NULL);
INSERT INTO `exam` VALUES (1462, 179, 9, 423, 26, NULL, NULL);
INSERT INTO `exam` VALUES (1463, 179, 9, 424, 27, NULL, NULL);
INSERT INTO `exam` VALUES (1464, 179, 9, 425, 28, NULL, NULL);
INSERT INTO `exam` VALUES (1465, 179, 9, 426, 29, NULL, NULL);
INSERT INTO `exam` VALUES (1466, 179, 9, 427, 30, NULL, NULL);
INSERT INTO `exam` VALUES (1467, 180, 1, 1, 1, NULL, NULL);
INSERT INTO `exam` VALUES (1468, 180, 1, 2, 2, NULL, NULL);
INSERT INTO `exam` VALUES (1469, 180, 1, 3, 3, NULL, NULL);
INSERT INTO `exam` VALUES (1470, 180, 1, 4, 4, NULL, NULL);
INSERT INTO `exam` VALUES (1471, 180, 1, 5, 5, NULL, NULL);
INSERT INTO `exam` VALUES (1472, 180, 1, 6, 6, NULL, NULL);
INSERT INTO `exam` VALUES (1473, 180, 1, 7, 7, NULL, NULL);
INSERT INTO `exam` VALUES (1474, 180, 1, 8, 8, NULL, NULL);
INSERT INTO `exam` VALUES (1475, 180, 1, 9, 9, NULL, NULL);
INSERT INTO `exam` VALUES (1476, 180, 1, 10, 10, NULL, NULL);
INSERT INTO `exam` VALUES (1477, 180, 1, 11, 11, NULL, NULL);
INSERT INTO `exam` VALUES (1478, 180, 1, 12, 12, NULL, NULL);
INSERT INTO `exam` VALUES (1479, 180, 1, 13, 13, NULL, NULL);
INSERT INTO `exam` VALUES (1480, 180, 1, 14, 14, NULL, NULL);
INSERT INTO `exam` VALUES (1481, 180, 1, 15, 15, NULL, NULL);
INSERT INTO `exam` VALUES (1482, 180, 1, 16, 16, NULL, NULL);
INSERT INTO `exam` VALUES (1483, 180, 1, 17, 17, NULL, NULL);
INSERT INTO `exam` VALUES (1484, 180, 1, 18, 18, NULL, NULL);
INSERT INTO `exam` VALUES (1485, 180, 1, 19, 19, NULL, NULL);
INSERT INTO `exam` VALUES (1486, 180, 1, 20, 20, NULL, NULL);
INSERT INTO `exam` VALUES (1487, 180, 1, 21, 21, NULL, NULL);
INSERT INTO `exam` VALUES (1488, 180, 1, 22, 22, NULL, NULL);
INSERT INTO `exam` VALUES (1489, 180, 1, 23, 23, NULL, NULL);
INSERT INTO `exam` VALUES (1490, 180, 1, 24, 24, NULL, NULL);
INSERT INTO `exam` VALUES (1491, 180, 1, 25, 25, NULL, NULL);
INSERT INTO `exam` VALUES (1492, 180, 1, 26, 26, NULL, NULL);
INSERT INTO `exam` VALUES (1493, 180, 1, 27, 27, NULL, NULL);
INSERT INTO `exam` VALUES (1494, 180, 1, 28, 28, NULL, NULL);
INSERT INTO `exam` VALUES (1495, 180, 1, 29, 29, NULL, NULL);
INSERT INTO `exam` VALUES (1496, 180, 1, 30, 30, NULL, NULL);
INSERT INTO `exam` VALUES (1497, 181, 1, 31, 1, NULL, NULL);
INSERT INTO `exam` VALUES (1498, 181, 1, 32, 2, NULL, NULL);
INSERT INTO `exam` VALUES (1499, 181, 1, 33, 3, NULL, NULL);
INSERT INTO `exam` VALUES (1500, 181, 1, 34, 4, NULL, NULL);
INSERT INTO `exam` VALUES (1501, 181, 1, 35, 5, NULL, NULL);
INSERT INTO `exam` VALUES (1502, 181, 1, 36, 6, NULL, NULL);
INSERT INTO `exam` VALUES (1503, 181, 1, 37, 7, NULL, NULL);
INSERT INTO `exam` VALUES (1504, 181, 1, 38, 8, NULL, NULL);
INSERT INTO `exam` VALUES (1505, 181, 1, 39, 9, NULL, NULL);
INSERT INTO `exam` VALUES (1506, 181, 1, 40, 10, NULL, NULL);
INSERT INTO `exam` VALUES (1507, 181, 2, 41, 11, NULL, NULL);
INSERT INTO `exam` VALUES (1508, 181, 2, 42, 12, NULL, NULL);
INSERT INTO `exam` VALUES (1509, 181, 2, 43, 13, NULL, NULL);
INSERT INTO `exam` VALUES (1510, 181, 2, 44, 14, NULL, NULL);
INSERT INTO `exam` VALUES (1511, 181, 2, 45, 15, NULL, NULL);
INSERT INTO `exam` VALUES (1512, 181, 2, 46, 16, NULL, NULL);
INSERT INTO `exam` VALUES (1513, 181, 2, 47, 17, NULL, NULL);
INSERT INTO `exam` VALUES (1514, 181, 2, 48, 18, NULL, NULL);
INSERT INTO `exam` VALUES (1515, 181, 2, 49, 19, NULL, NULL);
INSERT INTO `exam` VALUES (1516, 181, 2, 50, 20, NULL, NULL);
INSERT INTO `exam` VALUES (1517, 181, 2, 51, 21, NULL, NULL);
INSERT INTO `exam` VALUES (1518, 181, 2, 52, 22, NULL, NULL);
INSERT INTO `exam` VALUES (1519, 181, 2, 53, 23, NULL, NULL);
INSERT INTO `exam` VALUES (1520, 181, 2, 54, 24, NULL, NULL);
INSERT INTO `exam` VALUES (1521, 181, 2, 55, 25, NULL, NULL);
INSERT INTO `exam` VALUES (1522, 181, 2, 56, 26, NULL, NULL);
INSERT INTO `exam` VALUES (1523, 181, 2, 57, 27, NULL, NULL);
INSERT INTO `exam` VALUES (1524, 181, 2, 58, 28, NULL, NULL);
INSERT INTO `exam` VALUES (1525, 181, 2, 59, 29, NULL, NULL);
INSERT INTO `exam` VALUES (1526, 181, 2, 60, 30, NULL, NULL);
INSERT INTO `exam` VALUES (1527, 182, 2, 61, 1, NULL, NULL);
INSERT INTO `exam` VALUES (1528, 182, 2, 62, 2, NULL, NULL);
INSERT INTO `exam` VALUES (1529, 182, 2, 63, 3, NULL, NULL);
INSERT INTO `exam` VALUES (1530, 182, 2, 64, 4, NULL, NULL);
INSERT INTO `exam` VALUES (1531, 182, 2, 65, 5, NULL, NULL);
INSERT INTO `exam` VALUES (1532, 182, 2, 66, 6, NULL, NULL);
INSERT INTO `exam` VALUES (1533, 182, 2, 67, 7, NULL, NULL);
INSERT INTO `exam` VALUES (1534, 182, 2, 68, 8, NULL, NULL);
INSERT INTO `exam` VALUES (1535, 182, 2, 69, 9, NULL, NULL);
INSERT INTO `exam` VALUES (1536, 182, 2, 70, 10, NULL, NULL);
INSERT INTO `exam` VALUES (1537, 182, 2, 71, 11, NULL, NULL);
INSERT INTO `exam` VALUES (1538, 182, 2, 72, 12, NULL, NULL);
INSERT INTO `exam` VALUES (1539, 182, 2, 73, 13, NULL, NULL);
INSERT INTO `exam` VALUES (1540, 182, 2, 74, 14, NULL, NULL);
INSERT INTO `exam` VALUES (1541, 182, 2, 75, 15, NULL, NULL);
INSERT INTO `exam` VALUES (1542, 182, 2, 76, 16, NULL, NULL);
INSERT INTO `exam` VALUES (1543, 182, 2, 77, 17, NULL, NULL);
INSERT INTO `exam` VALUES (1544, 182, 2, 78, 18, NULL, NULL);
INSERT INTO `exam` VALUES (1545, 182, 2, 79, 19, NULL, NULL);
INSERT INTO `exam` VALUES (1546, 182, 2, 80, 20, NULL, NULL);
INSERT INTO `exam` VALUES (1547, 182, 2, 81, 21, NULL, NULL);
INSERT INTO `exam` VALUES (1548, 182, 3, 82, 22, NULL, NULL);
INSERT INTO `exam` VALUES (1549, 182, 3, 83, 23, NULL, NULL);
INSERT INTO `exam` VALUES (1550, 182, 3, 84, 24, NULL, NULL);
INSERT INTO `exam` VALUES (1551, 182, 3, 85, 25, NULL, NULL);
INSERT INTO `exam` VALUES (1552, 182, 3, 86, 26, NULL, NULL);
INSERT INTO `exam` VALUES (1553, 182, 3, 87, 27, NULL, NULL);
INSERT INTO `exam` VALUES (1554, 182, 3, 88, 28, NULL, NULL);
INSERT INTO `exam` VALUES (1555, 182, 3, 89, 29, NULL, NULL);
INSERT INTO `exam` VALUES (1556, 182, 3, 90, 30, NULL, NULL);
INSERT INTO `exam` VALUES (1557, 183, 3, 91, 1, NULL, NULL);
INSERT INTO `exam` VALUES (1558, 183, 3, 92, 2, NULL, NULL);
INSERT INTO `exam` VALUES (1559, 183, 3, 93, 3, NULL, NULL);
INSERT INTO `exam` VALUES (1560, 183, 3, 94, 4, NULL, NULL);
INSERT INTO `exam` VALUES (1561, 183, 3, 95, 5, NULL, NULL);
INSERT INTO `exam` VALUES (1562, 183, 3, 96, 6, NULL, NULL);
INSERT INTO `exam` VALUES (1563, 183, 3, 97, 7, NULL, NULL);
INSERT INTO `exam` VALUES (1564, 183, 3, 98, 8, NULL, NULL);
INSERT INTO `exam` VALUES (1565, 183, 3, 99, 9, NULL, NULL);
INSERT INTO `exam` VALUES (1566, 183, 3, 100, 10, NULL, NULL);
INSERT INTO `exam` VALUES (1567, 183, 3, 101, 11, NULL, NULL);
INSERT INTO `exam` VALUES (1568, 183, 3, 102, 12, NULL, NULL);
INSERT INTO `exam` VALUES (1569, 183, 3, 103, 13, NULL, NULL);
INSERT INTO `exam` VALUES (1570, 183, 3, 104, 14, NULL, NULL);
INSERT INTO `exam` VALUES (1571, 183, 3, 105, 15, NULL, NULL);
INSERT INTO `exam` VALUES (1572, 183, 3, 106, 16, NULL, NULL);
INSERT INTO `exam` VALUES (1573, 183, 3, 107, 17, NULL, NULL);
INSERT INTO `exam` VALUES (1574, 183, 3, 108, 18, NULL, NULL);
INSERT INTO `exam` VALUES (1575, 183, 3, 109, 19, NULL, NULL);
INSERT INTO `exam` VALUES (1576, 183, 3, 110, 20, NULL, NULL);
INSERT INTO `exam` VALUES (1577, 183, 3, 111, 21, NULL, NULL);
INSERT INTO `exam` VALUES (1578, 183, 3, 112, 22, NULL, NULL);
INSERT INTO `exam` VALUES (1579, 183, 3, 113, 23, NULL, NULL);
INSERT INTO `exam` VALUES (1580, 183, 3, 114, 24, NULL, NULL);
INSERT INTO `exam` VALUES (1581, 183, 3, 115, 25, NULL, NULL);
INSERT INTO `exam` VALUES (1582, 183, 3, 116, 26, NULL, NULL);
INSERT INTO `exam` VALUES (1583, 183, 3, 117, 27, NULL, NULL);
INSERT INTO `exam` VALUES (1584, 183, 3, 118, 28, NULL, NULL);
INSERT INTO `exam` VALUES (1585, 183, 3, 119, 29, NULL, NULL);
INSERT INTO `exam` VALUES (1586, 183, 3, 120, 30, NULL, NULL);
INSERT INTO `exam` VALUES (1587, 184, 3, 121, 1, NULL, NULL);

-- ----------------------------
-- Table structure for examination
-- ----------------------------
DROP TABLE IF EXISTS `examination`;
CREATE TABLE `examination`  (
  `id` int(11) NOT NULL AUTO_INCREMENT,
  `code` varchar(10) CHARACTER SET utf8 COLLATE utf8_general_ci NOT NULL,
  `PID` int(11) NOT NULL,
  `COID` int(11) NOT NULL,
  `CSID` int(11) NOT NULL,
  `TTID` int(11) NOT NULL,
  `ONETID` int(11) NOT NULL,
  `TWOTID` int(11) NOT NULL,
  `mark` int(11) NOT NULL,
  `numbers` int(11) NOT NULL,
  `reserve1` int(11) NULL DEFAULT NULL,
  `reserve2` varchar(50) CHARACTER SET utf8 COLLATE utf8_general_ci NULL DEFAULT NULL,
  PRIMARY KEY (`id`) USING BTREE,
  INDEX `examination_ibfk_2`(`COID`) USING BTREE,
  INDEX `examination_ibfk_3`(`CSID`) USING BTREE,
  INDEX `examination_ibfk_4`(`TTID`) USING BTREE,
  INDEX `examination_ibfk_5`(`ONETID`) USING BTREE,
  INDEX `examination_ibfk_6`(`TWOTID`) USING BTREE,
  INDEX `examination_ibfk_7`(`PID`) USING BTREE,
  CONSTRAINT `FK1f5uv5bfr8qh2fdx6j753dngu` FOREIGN KEY (`CSID`) REFERENCES `classroom` (`id`) ON DELETE RESTRICT ON UPDATE RESTRICT,
  CONSTRAINT `FK4y5n7cdy149i2c4oo2brfvidf` FOREIGN KEY (`COID`) REFERENCES `course` (`id`) ON DELETE RESTRICT ON UPDATE RESTRICT,
  CONSTRAINT `FK9kcs385s77d9kht2enqliujqh` FOREIGN KEY (`PID`) REFERENCES `profession` (`id`) ON DELETE RESTRICT ON UPDATE RESTRICT,
  CONSTRAINT `FKavq6kmmpbty5xrykvvy2rhysl` FOREIGN KEY (`TTID`) REFERENCES `etime` (`id`) ON DELETE RESTRICT ON UPDATE RESTRICT,
  CONSTRAINT `FKc8gkdcfhuvbivs23n9qfe32x` FOREIGN KEY (`ONETID`) REFERENCES `teacher` (`id`) ON DELETE RESTRICT ON UPDATE RESTRICT,
  CONSTRAINT `FKf3qlcj33icon7d1yo36udlmb9` FOREIGN KEY (`TWOTID`) REFERENCES `teacher` (`id`) ON DELETE RESTRICT ON UPDATE RESTRICT,
  CONSTRAINT `examination_ibfk_2` FOREIGN KEY (`COID`) REFERENCES `course` (`id`) ON DELETE RESTRICT ON UPDATE RESTRICT,
  CONSTRAINT `examination_ibfk_3` FOREIGN KEY (`CSID`) REFERENCES `classroom` (`id`) ON DELETE RESTRICT ON UPDATE RESTRICT,
  CONSTRAINT `examination_ibfk_4` FOREIGN KEY (`TTID`) REFERENCES `etime` (`id`) ON DELETE RESTRICT ON UPDATE RESTRICT,
  CONSTRAINT `examination_ibfk_5` FOREIGN KEY (`ONETID`) REFERENCES `teacher` (`id`) ON DELETE RESTRICT ON UPDATE RESTRICT,
  CONSTRAINT `examination_ibfk_6` FOREIGN KEY (`TWOTID`) REFERENCES `teacher` (`id`) ON DELETE RESTRICT ON UPDATE RESTRICT,
  CONSTRAINT `examination_ibfk_7` FOREIGN KEY (`PID`) REFERENCES `profession` (`id`) ON DELETE RESTRICT ON UPDATE RESTRICT
) ENGINE = InnoDB AUTO_INCREMENT = 185 CHARACTER SET = utf8 COLLATE = utf8_general_ci ROW_FORMAT = Compact;

-- ----------------------------
-- Records of examination
-- ----------------------------
INSERT INTO `examination` VALUES (126, '六教203', 12, 5, 6, 10, 1, 2, 1, 30, NULL, NULL);
INSERT INTO `examination` VALUES (127, '七教101', 12, 5, 7, 10, 3, 4, 1, 30, NULL, NULL);
INSERT INTO `examination` VALUES (128, '七教102', 12, 5, 8, 10, 5, 6, 1, 30, NULL, NULL);
INSERT INTO `examination` VALUES (129, '七教103', 12, 5, 9, 10, 7, 8, 1, 30, NULL, NULL);
INSERT INTO `examination` VALUES (130, '七教201', 12, 5, 10, 10, 9, 10, 1, 30, NULL, NULL);
INSERT INTO `examination` VALUES (131, '七教202', 12, 5, 11, 10, 11, 12, 1, 6, NULL, NULL);
INSERT INTO `examination` VALUES (132, '六教101', 13, 9, 1, 10, 13, 14, 1, 30, NULL, NULL);
INSERT INTO `examination` VALUES (133, '六教102', 13, 9, 2, 10, 15, 16, 1, 30, NULL, NULL);
INSERT INTO `examination` VALUES (134, '六教103', 13, 9, 3, 10, 17, 18, 1, 30, NULL, NULL);
INSERT INTO `examination` VALUES (135, '六教201', 13, 9, 4, 10, 19, 20, 1, 30, NULL, NULL);
INSERT INTO `examination` VALUES (136, '六教202', 13, 9, 5, 10, 21, 22, 1, 30, NULL, NULL);
INSERT INTO `examination` VALUES (137, '七教202', 12, 6, 11, 9, 1, 2, 1, 30, NULL, NULL);
INSERT INTO `examination` VALUES (138, '七教203', 12, 6, 12, 9, 3, 4, 1, 30, NULL, NULL);
INSERT INTO `examination` VALUES (139, '八教101', 12, 6, 13, 9, 5, 6, 1, 30, NULL, NULL);
INSERT INTO `examination` VALUES (140, '八教102', 12, 6, 14, 9, 7, 8, 1, 30, NULL, NULL);
INSERT INTO `examination` VALUES (141, '八教103', 12, 6, 15, 9, 9, 10, 1, 30, NULL, NULL);
INSERT INTO `examination` VALUES (142, '八教201', 12, 6, 16, 9, 11, 12, 1, 6, NULL, NULL);
INSERT INTO `examination` VALUES (143, '六教203', 13, 10, 6, 9, 13, 14, 1, 30, NULL, NULL);
INSERT INTO `examination` VALUES (144, '七教101', 13, 10, 7, 9, 15, 16, 1, 30, NULL, NULL);
INSERT INTO `examination` VALUES (145, '七教102', 13, 10, 8, 9, 17, 18, 1, 30, NULL, NULL);
INSERT INTO `examination` VALUES (146, '七教103', 13, 10, 9, 9, 19, 20, 1, 30, NULL, NULL);
INSERT INTO `examination` VALUES (147, '七教201', 13, 10, 10, 9, 21, 22, 1, 30, NULL, NULL);
INSERT INTO `examination` VALUES (148, '六教101', 11, 4, 1, 9, 23, 24, 1, 30, NULL, NULL);
INSERT INTO `examination` VALUES (149, '六教102', 11, 4, 2, 9, 25, 26, 1, 30, NULL, NULL);
INSERT INTO `examination` VALUES (150, '六教103', 11, 4, 3, 9, 27, 28, 1, 30, NULL, NULL);
INSERT INTO `examination` VALUES (151, '六教201', 11, 4, 4, 9, 29, 30, 1, 30, NULL, NULL);
INSERT INTO `examination` VALUES (152, '六教202', 11, 4, 5, 9, 31, 32, 1, 1, NULL, NULL);
INSERT INTO `examination` VALUES (153, '七教202', 12, 7, 11, 8, 1, 2, 1, 30, NULL, NULL);
INSERT INTO `examination` VALUES (154, '七教203', 12, 7, 12, 8, 3, 4, 1, 30, NULL, NULL);
INSERT INTO `examination` VALUES (155, '八教101', 12, 7, 13, 8, 5, 6, 1, 30, NULL, NULL);
INSERT INTO `examination` VALUES (156, '八教102', 12, 7, 14, 8, 7, 8, 1, 30, NULL, NULL);
INSERT INTO `examination` VALUES (157, '八教103', 12, 7, 15, 8, 9, 10, 1, 30, NULL, NULL);
INSERT INTO `examination` VALUES (158, '八教201', 12, 7, 16, 8, 11, 12, 1, 6, NULL, NULL);
INSERT INTO `examination` VALUES (159, '六教203', 13, 11, 6, 8, 13, 14, 1, 30, NULL, NULL);
INSERT INTO `examination` VALUES (160, '七教101', 13, 11, 7, 8, 15, 16, 1, 30, NULL, NULL);
INSERT INTO `examination` VALUES (161, '七教102', 13, 11, 8, 8, 17, 18, 1, 30, NULL, NULL);
INSERT INTO `examination` VALUES (162, '七教103', 13, 11, 9, 8, 19, 20, 1, 30, NULL, NULL);
INSERT INTO `examination` VALUES (163, '七教201', 13, 11, 10, 8, 21, 22, 1, 30, NULL, NULL);
INSERT INTO `examination` VALUES (164, '六教101', 11, 3, 1, 8, 23, 24, 1, 30, NULL, NULL);
INSERT INTO `examination` VALUES (165, '六教102', 11, 3, 2, 8, 25, 26, 1, 30, NULL, NULL);
INSERT INTO `examination` VALUES (166, '六教103', 11, 3, 3, 8, 27, 28, 1, 30, NULL, NULL);
INSERT INTO `examination` VALUES (167, '六教201', 11, 3, 4, 8, 29, 30, 1, 30, NULL, NULL);
INSERT INTO `examination` VALUES (168, '六教202', 11, 3, 5, 8, 31, 32, 1, 1, NULL, NULL);
INSERT INTO `examination` VALUES (169, '七教202', 12, 8, 11, 7, 1, 2, 1, 30, NULL, NULL);
INSERT INTO `examination` VALUES (170, '七教203', 12, 8, 12, 7, 3, 4, 1, 30, NULL, NULL);
INSERT INTO `examination` VALUES (171, '八教101', 12, 8, 13, 7, 5, 6, 1, 30, NULL, NULL);
INSERT INTO `examination` VALUES (172, '八教102', 12, 8, 14, 7, 7, 8, 1, 30, NULL, NULL);
INSERT INTO `examination` VALUES (173, '八教103', 12, 8, 15, 7, 9, 10, 1, 30, NULL, NULL);
INSERT INTO `examination` VALUES (174, '八教201', 12, 8, 16, 7, 11, 12, 1, 6, NULL, NULL);
INSERT INTO `examination` VALUES (175, '六教203', 13, 12, 6, 7, 13, 14, 1, 30, NULL, NULL);
INSERT INTO `examination` VALUES (176, '七教101', 13, 12, 7, 7, 15, 16, 1, 30, NULL, NULL);
INSERT INTO `examination` VALUES (177, '七教102', 13, 12, 8, 7, 17, 18, 1, 30, NULL, NULL);
INSERT INTO `examination` VALUES (178, '七教103', 13, 12, 9, 7, 19, 20, 1, 30, NULL, NULL);
INSERT INTO `examination` VALUES (179, '七教201', 13, 12, 10, 7, 21, 22, 1, 30, NULL, NULL);
INSERT INTO `examination` VALUES (180, '六教101', 11, 2, 1, 7, 23, 24, 1, 30, NULL, NULL);
INSERT INTO `examination` VALUES (181, '六教102', 11, 2, 2, 7, 25, 26, 1, 30, NULL, NULL);
INSERT INTO `examination` VALUES (182, '六教103', 11, 2, 3, 7, 27, 28, 1, 30, NULL, NULL);
INSERT INTO `examination` VALUES (183, '六教201', 11, 2, 4, 7, 29, 30, 1, 30, NULL, NULL);
INSERT INTO `examination` VALUES (184, '六教202', 11, 2, 5, 7, 31, 32, 1, 1, NULL, NULL);

-- ----------------------------
-- Table structure for profession
-- ----------------------------
DROP TABLE IF EXISTS `profession`;
CREATE TABLE `profession`  (
  `id` int(11) NOT NULL AUTO_INCREMENT,
  `CID` int(11) NOT NULL,
  `code` varchar(20) CHARACTER SET utf8 COLLATE utf8_general_ci NOT NULL,
  `name` varchar(50) CHARACTER SET utf8 COLLATE utf8_general_ci NOT NULL,
  `department_head` varchar(10) CHARACTER SET utf8 COLLATE utf8_general_ci NOT NULL,
  `secretary` varchar(10) CHARACTER SET utf8 COLLATE utf8_general_ci NOT NULL,
  `reserve1` int(11) NULL DEFAULT NULL,
  `reserve2` varchar(255) CHARACTER SET utf8 COLLATE utf8_general_ci NULL DEFAULT NULL,
  PRIMARY KEY (`id`) USING BTREE,
  UNIQUE INDEX `UK_t0fsy0xqlqgojlrpuaplr0feh`(`code`) USING BTREE,
  UNIQUE INDEX `UKt0fsy0xqlqgojlrpuaplr0feh`(`code`) USING BTREE,
  INDEX `profession_ibfk_1`(`CID`) USING BTREE,
  CONSTRAINT `FKnvfd72w6yget3nic331vqq2j` FOREIGN KEY (`CID`) REFERENCES `college` (`id`) ON DELETE RESTRICT ON UPDATE RESTRICT,
  CONSTRAINT `profession_ibfk_1` FOREIGN KEY (`CID`) REFERENCES `college` (`id`) ON DELETE RESTRICT ON UPDATE RESTRICT
) ENGINE = InnoDB AUTO_INCREMENT = 14 CHARACTER SET = utf8 COLLATE = utf8_general_ci ROW_FORMAT = Compact;

-- ----------------------------
-- Records of profession
-- ----------------------------
INSERT INTO `profession` VALUES (1, 1, '020301', '国际经济与贸易', '王静', '王丽', NULL, NULL);
INSERT INTO `profession` VALUES (2, 1, '020302', '会计学', '李军', '王磊', NULL, NULL);
INSERT INTO `profession` VALUES (3, 1, '020303', '金融学', '李娟', '王涛', NULL, NULL);
INSERT INTO `profession` VALUES (4, 1, '020304', '财务管理', '王静', '王丽', NULL, NULL);
INSERT INTO `profession` VALUES (5, 1, '020305', '国际商务', '刘芳', '王平', NULL, NULL);
INSERT INTO `profession` VALUES (6, 2, '120201', '工商管理', '刘敏', '王刚', NULL, NULL);
INSERT INTO `profession` VALUES (7, 2, '120202', '旅游管理', '刘杰', '王秀兰', NULL, NULL);
INSERT INTO `profession` VALUES (8, 2, '120203', '人力资源管理', '张艳', '张勇', NULL, NULL);
INSERT INTO `profession` VALUES (9, 2, '120204', '物流管理', '李桂英', '刘芳', NULL, NULL);
INSERT INTO `profession` VALUES (10, 2, '120205', '市场营销', '张杰', '李娜', NULL, NULL);
INSERT INTO `profession` VALUES (11, 3, '080901', '软件工程', '张磊', '张涛', NULL, NULL);
INSERT INTO `profession` VALUES (12, 3, '080902', '计算机科学与技术', '王芳', '王刚', NULL, NULL);
INSERT INTO `profession` VALUES (13, 3, '080903', '电子商务', '王强', '王军', NULL, NULL);

-- ----------------------------
-- Table structure for student
-- ----------------------------
DROP TABLE IF EXISTS `student`;
CREATE TABLE `student`  (
  `id` int(11) NOT NULL AUTO_INCREMENT,
  `CID` int(11) NOT NULL,
  `SID` varchar(20) CHARACTER SET utf8 COLLATE utf8_general_ci NOT NULL,
  `name` varchar(10) CHARACTER SET utf8 COLLATE utf8_general_ci NOT NULL,
  `gender` int(11) NOT NULL,
  `IDCard` varchar(20) CHARACTER SET utf8 COLLATE utf8_general_ci NOT NULL,
  `phone` varchar(15) CHARACTER SET utf8 COLLATE utf8_general_ci NULL DEFAULT NULL,
  `age` int(11) NOT NULL,
  `grade` varchar(10) CHARACTER SET utf8 COLLATE utf8_general_ci NOT NULL,
  `reserve1` int(11) NULL DEFAULT NULL,
  `reserve2` varchar(50) CHARACTER SET utf8 COLLATE utf8_general_ci NULL DEFAULT NULL,
  PRIMARY KEY (`id`) USING BTREE,
  UNIQUE INDEX `UK_g2y9ksw1faw4mppxxndk37pi3`(`IDCard`) USING BTREE,
  UNIQUE INDEX `UK_rgagp3wb3r8x276srq97de29k`(`SID`) USING BTREE,
  UNIQUE INDEX `UKg2y9ksw1faw4mppxxndk37pi3`(`IDCard`) USING BTREE,
  UNIQUE INDEX `UKrgagp3wb3r8x276srq97de29k`(`SID`) USING BTREE,
  INDEX `student_ibfk_1`(`CID`) USING BTREE,
  CONSTRAINT `FK3yrqmhbwdi28lnqdowlmkeubf` FOREIGN KEY (`CID`) REFERENCES `classs` (`id`) ON DELETE RESTRICT ON UPDATE RESTRICT,
  CONSTRAINT `student_ibfk_1` FOREIGN KEY (`CID`) REFERENCES `classs` (`id`) ON DELETE RESTRICT ON UPDATE RESTRICT
) ENGINE = InnoDB AUTO_INCREMENT = 428 CHARACTER SET = utf8 COLLATE = utf8_general_ci ROW_FORMAT = Compact;

-- ----------------------------
-- Records of student
-- ----------------------------
INSERT INTO `student` VALUES (1, 1, '151100101', '蔡琴', 1, '430511199705267547', '15312351563', 18, '15届', NULL, NULL);
INSERT INTO `student` VALUES (2, 1, '151100102', '曹碧蓉', 1, '430781199902035526', '15312351563', 18, '15届', NULL, NULL);
INSERT INTO `student` VALUES (3, 1, '151100103', '陈璐', 1, '430421200005068566', '15312351563', 18, '15届', NULL, NULL);
INSERT INTO `student` VALUES (4, 1, '151100104', '陈约鹏', 0, '330304199802153316', '15312351563', 18, '15届', NULL, NULL);
INSERT INTO `student` VALUES (5, 1, '151100105', '杜学喆', 1, '411322199903283826', '15312351563', 18, '15届', NULL, NULL);
INSERT INTO `student` VALUES (6, 1, '151100106', '胡海明', 1, '430523199702273541', '15312351563', 18, '15届', NULL, NULL);
INSERT INTO `student` VALUES (7, 1, '151100107', '胡思伟', 0, '430481199711043375', '15312351563', 18, '15届', NULL, NULL);
INSERT INTO `student` VALUES (8, 1, '151100108', '胡旭阳', 0, '431128199801240033', '15312351563', 18, '15届', NULL, NULL);
INSERT INTO `student` VALUES (9, 1, '151100109', '黄秋雨', 0, '430281199805010039', '15312351563', 18, '15届', NULL, NULL);
INSERT INTO `student` VALUES (10, 1, '151100110', '金蓉', 1, '430921199704163820', '15312351563', 18, '15届', NULL, NULL);
INSERT INTO `student` VALUES (11, 1, '151100111', '李庆鸿', 1, '430602199808111528', '15312351563', 18, '15届', NULL, NULL);
INSERT INTO `student` VALUES (12, 1, '151100112', '李轩', 0, '430426199608224990', '15312351563', 18, '15届', NULL, NULL);
INSERT INTO `student` VALUES (13, 1, '151100113', '廖雨婷', 1, '430681199808250021', '15312351563', 18, '15届', NULL, NULL);
INSERT INTO `student` VALUES (14, 1, '151100114', '刘林艳', 1, '430224199705132728', '15312351563', 18, '15届', NULL, NULL);
INSERT INTO `student` VALUES (15, 1, '151100115', '刘伟平', 0, '433123199803147836', '15312351563', 18, '15届', NULL, NULL);
INSERT INTO `student` VALUES (16, 1, '151100116', '刘小帆', 1, '43250119990614004X', '15312351563', 18, '15届', NULL, NULL);
INSERT INTO `student` VALUES (17, 1, '151100117', '陆芸菲', 1, '433124199708090022', '15312351563', 18, '15届', NULL, NULL);
INSERT INTO `student` VALUES (18, 1, '151100118', '罗文瑾', 1, '654001199811080326', '15312351563', 18, '15届', NULL, NULL);
INSERT INTO `student` VALUES (19, 1, '151100119', '马帅', 0, '430781199705230015', '15312351563', 18, '15届', NULL, NULL);
INSERT INTO `student` VALUES (20, 1, '151100120', '彭建波', 0, '430603199709100512', '15312351563', 18, '15届', NULL, NULL);
INSERT INTO `student` VALUES (21, 1, '151100121', '邱倩云', 1, '431025199801247628', '15312351563', 18, '15届', NULL, NULL);
INSERT INTO `student` VALUES (22, 1, '151100122', '文伊', 1, '430102199804233029', '15312351563', 18, '15届', NULL, NULL);
INSERT INTO `student` VALUES (23, 1, '151100123', '吴津', 1, '430821199810016028', '15312351563', 18, '15届', NULL, NULL);
INSERT INTO `student` VALUES (24, 1, '151100124', '谢俊琦', 0, '431003199810246530', '15312351563', 18, '15届', NULL, NULL);
INSERT INTO `student` VALUES (25, 1, '151100125', '熊玉婷', 1, '522401199608110164', '15312351563', 18, '15届', NULL, NULL);
INSERT INTO `student` VALUES (26, 1, '151100126', '曾福东', 0, '431126199703132212', '15312351563', 18, '15届', NULL, NULL);
INSERT INTO `student` VALUES (27, 1, '151100127', '张桂锦', 0, '430903199811150010', '15312351563', 18, '15届', NULL, NULL);
INSERT INTO `student` VALUES (28, 1, '151100128', '张杰茜', 1, '332527199803290029', '15312351563', 18, '15届', NULL, NULL);
INSERT INTO `student` VALUES (29, 1, '151100129', '张宇涵', 1, '430921199809130021', '15312351563', 18, '15届', NULL, NULL);
INSERT INTO `student` VALUES (30, 1, '151100130', '张禹', 1, '430623199806201249', '15312351563', 18, '15届', NULL, NULL);
INSERT INTO `student` VALUES (31, 1, '151100131', '章慧佳', 1, '430104199907235222', '15312351563', 18, '15届', NULL, NULL);
INSERT INTO `student` VALUES (32, 1, '151100132', '赵清岚', 1, '430502199810092025', '15312351563', 18, '15届', NULL, NULL);
INSERT INTO `student` VALUES (33, 1, '151100133', '周安', 0, '430302199812151278', '15312351563', 18, '15届', NULL, NULL);
INSERT INTO `student` VALUES (34, 1, '151100134', '朱恒希', 0, '431026199901150010', '15312351563', 18, '15届', NULL, NULL);
INSERT INTO `student` VALUES (35, 1, '151100135', '朱玲磊', 1, '431281199708271027', '15312351563', 18, '15届', NULL, NULL);
INSERT INTO `student` VALUES (36, 1, '151100136', '陈阳', 0, '430421199805040099', '15312351563', 18, '15届', NULL, NULL);
INSERT INTO `student` VALUES (37, 1, '151100137', '龚柳镜', 1, '432522199712060027', '15312351563', 18, '15届', NULL, NULL);
INSERT INTO `student` VALUES (38, 1, '151100138', '黄吉敏', 0, '430981199610060931', '15312351563', 18, '15届', NULL, NULL);
INSERT INTO `student` VALUES (39, 1, '151100139', '李萌', 1, '430602199803258627', '15312351563', 18, '15届', NULL, NULL);
INSERT INTO `student` VALUES (40, 1, '151100140', '李明珊', 1, '430723199811220044', '15312351563', 18, '15届', NULL, NULL);
INSERT INTO `student` VALUES (41, 2, '151200101', '廖翼', 1, '430422199803020103', '15312351563', 18, '15届', NULL, NULL);
INSERT INTO `student` VALUES (42, 2, '151200102', '刘云浩', 0, '433101199804290011', '15312351563', 18, '15届', NULL, NULL);
INSERT INTO `student` VALUES (43, 2, '151200103', '孙诗忆', 1, '43052219981008002X', '15312351563', 18, '15届', NULL, NULL);
INSERT INTO `student` VALUES (44, 2, '151200104', '魏栎', 1, '430626199810037380', '15312351563', 18, '15届', NULL, NULL);
INSERT INTO `student` VALUES (45, 2, '151200105', '肖惠文', 1, '430102199801302025', '15312351563', 18, '15届', NULL, NULL);
INSERT INTO `student` VALUES (46, 2, '151200106', '张存玉', 1, '431225199808131629', '15312351563', 18, '15届', NULL, NULL);
INSERT INTO `student` VALUES (47, 2, '151200107', '周笛', 1, '430723199805107440', '15312351563', 18, '15届', NULL, NULL);
INSERT INTO `student` VALUES (48, 2, '151200108', '李昊', 0, '43042219990215975X', '15312351563', 18, '15届', NULL, NULL);
INSERT INTO `student` VALUES (49, 2, '151200109', '李灼云', 0, '430723199710020617', '15312351563', 18, '15届', NULL, NULL);
INSERT INTO `student` VALUES (50, 2, '151200110', '胡浪', 0, '430181199605247351', '15312351563', 18, '15届', NULL, NULL);
INSERT INTO `student` VALUES (51, 2, '151200111', '陈千', 1, '430522199804203863', '15312351563', 18, '15届', NULL, NULL);
INSERT INTO `student` VALUES (52, 2, '151200112', '陈雨濛', 1, '430611199804051528', '15312351563', 18, '15届', NULL, NULL);
INSERT INTO `student` VALUES (53, 2, '151200113', '程敏', 1, '430921199810052622', '15312351563', 18, '15届', NULL, NULL);
INSERT INTO `student` VALUES (54, 2, '151200114', '黄敏', 1, '430407199805122046', '15312351563', 18, '15届', NULL, NULL);
INSERT INTO `student` VALUES (55, 2, '151200115', '金涛', 0, '430781199807272515', '15312351563', 18, '15届', NULL, NULL);
INSERT INTO `student` VALUES (56, 2, '151200116', '李虎远', 0, '43060219980713113X', '15312351563', 18, '15届', NULL, NULL);
INSERT INTO `student` VALUES (57, 2, '151200117', '刘西南', 0, '430304199711052054', '15312351563', 18, '15届', NULL, NULL);
INSERT INTO `student` VALUES (58, 2, '151200118', '罗曼', 1, '430103199809302042', '15312351563', 18, '15届', NULL, NULL);
INSERT INTO `student` VALUES (59, 2, '151200119', '罗奇', 0, '430923199803172311', '15312351563', 18, '15届', NULL, NULL);
INSERT INTO `student` VALUES (60, 2, '151200120', '罗升君', 0, '430406199809250030', '15312351563', 18, '15届', NULL, NULL);
INSERT INTO `student` VALUES (61, 2, '151200121', '梅康康', 0, '342201199803211417', '15312351563', 18, '15届', NULL, NULL);
INSERT INTO `student` VALUES (62, 2, '151200122', '邱广', 0, '430581199901041771', '15312351563', 18, '15届', NULL, NULL);
INSERT INTO `student` VALUES (63, 2, '151200123', '任杨', 0, '430921199810240017', '15312351563', 18, '15届', NULL, NULL);
INSERT INTO `student` VALUES (64, 2, '151200124', '盛俊凯', 0, '430221199712120056', '15312351563', 18, '15届', NULL, NULL);
INSERT INTO `student` VALUES (65, 2, '151200125', '盛朦', 0, '431102199707153458', '15312351563', 18, '15届', NULL, NULL);
INSERT INTO `student` VALUES (66, 2, '151200126', '舒耀', 0, '430103199810141514', '15312351563', 18, '15届', NULL, NULL);
INSERT INTO `student` VALUES (67, 2, '151200127', '唐杨', 0, '431129199707072615', '15312351563', 18, '15届', NULL, NULL);
INSERT INTO `student` VALUES (68, 2, '151200128', '魏苗芳', 1, '431103199611105749', '15312351563', 18, '15届', NULL, NULL);
INSERT INTO `student` VALUES (69, 2, '151200129', '夏常怀', 0, '430922199711145838', '15312351563', 18, '15届', NULL, NULL);
INSERT INTO `student` VALUES (70, 2, '151200130', '向禹帆', 0, '430821199807070058', '15312351563', 18, '15届', NULL, NULL);
INSERT INTO `student` VALUES (71, 2, '151200131', '许佳', 1, '42900419980916058X', '15312351563', 18, '15届', NULL, NULL);
INSERT INTO `student` VALUES (72, 2, '151200132', '严梦', 1, '430623199802208347', '15312351563', 18, '15届', NULL, NULL);
INSERT INTO `student` VALUES (73, 2, '151200133', '杨淑一', 1, '431202199808121047', '15312351563', 18, '15届', NULL, NULL);
INSERT INTO `student` VALUES (74, 2, '151200134', '尹翠芬', 1, '430481199709212344', '15312351563', 18, '15届', NULL, NULL);
INSERT INTO `student` VALUES (75, 2, '151200135', '张芷涵', 1, '340323199904270020', '15312351563', 18, '15届', NULL, NULL);
INSERT INTO `student` VALUES (76, 2, '151200136', '周杨毓', 1, '430681199802220323', '15312351563', 18, '15届', NULL, NULL);
INSERT INTO `student` VALUES (77, 2, '151200137', '周雨诗环', 1, '430902200002220524', '15312351563', 18, '15届', NULL, NULL);
INSERT INTO `student` VALUES (78, 2, '151200138', '朱婷娇', 1, '431202199712250821', '15312351563', 18, '15届', NULL, NULL);
INSERT INTO `student` VALUES (79, 2, '151200139', '邹丽芳', 1, '430521199807218722', '15312351563', 18, '15届', NULL, NULL);
INSERT INTO `student` VALUES (80, 2, '151200140', '奉志', 0, '431121199807173033', '15312351563', 18, '15届', NULL, NULL);
INSERT INTO `student` VALUES (81, 2, '151200141', '柳俊杰', 0, '430104199808204615', '15312351563', 18, '15届', NULL, NULL);
INSERT INTO `student` VALUES (82, 3, '151300101', '宋清涛', 0, '430703199806205055', '15312351563', 18, '15届', NULL, NULL);
INSERT INTO `student` VALUES (83, 3, '151300102', '谭淑月', 1, '43010319981209052X', '15312351563', 18, '15届', NULL, NULL);
INSERT INTO `student` VALUES (84, 3, '151300103', '伍晶晶', 1, '430481199803199246', '15312351563', 18, '15届', NULL, NULL);
INSERT INTO `student` VALUES (85, 3, '151300104', '向博宇', 0, '431202199804160479', '15312351563', 18, '15届', NULL, NULL);
INSERT INTO `student` VALUES (86, 3, '151300105', '肖明聪', 0, '431024199604011839', '15312351563', 18, '15届', NULL, NULL);
INSERT INTO `student` VALUES (87, 3, '151300106', '谢紫清', 1, '431103199709150943', '15312351563', 18, '15届', NULL, NULL);
INSERT INTO `student` VALUES (88, 3, '151300107', '徐啊香', 1, '430626199906155824', '15312351563', 18, '15届', NULL, NULL);
INSERT INTO `student` VALUES (89, 3, '151300108', '杨帅宏', 0, '431124199802162836', '15312351563', 18, '15届', NULL, NULL);
INSERT INTO `student` VALUES (90, 3, '151300109', '周文睿', 1, '50010119990103156X', '15312351563', 18, '15届', NULL, NULL);
INSERT INTO `student` VALUES (91, 3, '151300110', '朱琪', 0, '430681199705075515', '15312351563', 18, '15届', NULL, NULL);
INSERT INTO `student` VALUES (92, 3, '151300111', '陈俊安', 0, '430502199802066011', '15312351563', 18, '15届', NULL, NULL);
INSERT INTO `student` VALUES (93, 3, '151300112', '谌伦清', 0, '430923199609150039', '15312351563', 18, '15届', NULL, NULL);
INSERT INTO `student` VALUES (94, 3, '151300113', '成欣', 0, '430921199712205453', '15312351563', 18, '15届', NULL, NULL);
INSERT INTO `student` VALUES (95, 3, '151300114', '程哲', 0, '430105199801261517', '15312351563', 18, '15届', NULL, NULL);
INSERT INTO `student` VALUES (96, 3, '151300115', '邓子鹏', 0, '430223199805157213', '15312351563', 18, '15届', NULL, NULL);
INSERT INTO `student` VALUES (97, 3, '151300116', '付秋', 1, '433130199808153120', '15312351563', 18, '15届', NULL, NULL);
INSERT INTO `student` VALUES (98, 3, '151300117', '侯宇', 0, '431002199807081011', '15312351563', 18, '15届', NULL, NULL);
INSERT INTO `student` VALUES (99, 3, '151300118', '黄浩月', 0, '500243199807290257', '15312351563', 18, '15届', NULL, NULL);
INSERT INTO `student` VALUES (100, 3, '151300119', '金雅文', 0, '430521199706272594', '15312351563', 18, '15届', NULL, NULL);
INSERT INTO `student` VALUES (101, 3, '151300120', '雷芽', 1, '431122199810106727', '15312351563', 18, '15届', NULL, NULL);
INSERT INTO `student` VALUES (102, 3, '151300121', '李昊', 0, '430102199806220539', '15312351563', 18, '15届', NULL, NULL);
INSERT INTO `student` VALUES (103, 3, '151300122', '李静', 1, '430603199907070529', '15312351563', 18, '15届', NULL, NULL);
INSERT INTO `student` VALUES (104, 3, '151300123', '李琼莹', 1, '430102199804190524', '15312351563', 18, '15届', NULL, NULL);
INSERT INTO `student` VALUES (105, 3, '151300124', '李睿哲', 0, '430422199811117933', '15312351563', 18, '15届', NULL, NULL);
INSERT INTO `student` VALUES (106, 3, '151300125', '李思梦', 1, '411423199807160086', '15312351563', 18, '15届', NULL, NULL);
INSERT INTO `student` VALUES (107, 3, '151300126', '李小杰', 0, '430422199605310011', '15312351563', 18, '15届', NULL, NULL);
INSERT INTO `student` VALUES (108, 3, '151300127', '廖斌', 0, '430721199805116715', '15312351563', 18, '15届', NULL, NULL);
INSERT INTO `student` VALUES (109, 3, '151300128', '刘湘', 1, '432524199804230022', '15312351563', 18, '15届', NULL, NULL);
INSERT INTO `student` VALUES (110, 3, '151300129', '刘潇', 1, '43048119980512968X', '15312351563', 18, '15届', NULL, NULL);
INSERT INTO `student` VALUES (111, 3, '151300130', '刘芷绮', 1, '431021199810280061', '15312351563', 18, '15届', NULL, NULL);
INSERT INTO `student` VALUES (112, 3, '151300131', '刘紫晴', 1, '430122199709090328', '15312351563', 18, '15届', NULL, NULL);
INSERT INTO `student` VALUES (113, 3, '151300132', '毛倩', 1, '431129199806130526', '15312351563', 18, '15届', NULL, NULL);
INSERT INTO `student` VALUES (114, 3, '151300133', '盘维维', 0, '431129199804176619', '15312351563', 18, '15届', NULL, NULL);
INSERT INTO `student` VALUES (115, 3, '151300134', '彭凡', 1, '430981199812180026', '15312351563', 18, '15届', NULL, NULL);
INSERT INTO `student` VALUES (116, 3, '151300135', '秦辉荣', 0, '431102199805296495', '15312351563', 18, '15届', NULL, NULL);
INSERT INTO `student` VALUES (117, 3, '151300136', '王波', 0, '430407199903034031', '15312351563', 18, '15届', NULL, NULL);
INSERT INTO `student` VALUES (118, 3, '151300137', '谢静乐', 1, '652924199704020549', '15312351563', 18, '15届', NULL, NULL);
INSERT INTO `student` VALUES (119, 3, '151300138', '谢颜慧', 1, '43042119991103002X', '15312351563', 18, '15届', NULL, NULL);
INSERT INTO `student` VALUES (120, 3, '151300139', '徐晓薇', 1, '430726199901111027', '15312351563', 18, '15届', NULL, NULL);
INSERT INTO `student` VALUES (121, 3, '151300140', '许广湖', 0, '430406199812072036', '15312351563', 18, '15届', NULL, NULL);
INSERT INTO `student` VALUES (122, 4, '151400101', '阳栎沛', 0, '430524199510150754', '15312351563', 18, '15届', NULL, NULL);
INSERT INTO `student` VALUES (123, 4, '151400102', '杨紫娟', 1, '43122819980123144X', '15312351563', 18, '15届', NULL, NULL);
INSERT INTO `student` VALUES (124, 4, '151400103', '姚金材', 0, '431227199804154834', '15312351563', 18, '15届', NULL, NULL);
INSERT INTO `student` VALUES (125, 4, '151400104', '余岚', 1, '342224199612070425', '15312351563', 18, '15届', NULL, NULL);
INSERT INTO `student` VALUES (126, 4, '151400105', '喻发东', 0, '513021199611073918', '15312351563', 18, '15届', NULL, NULL);
INSERT INTO `student` VALUES (127, 4, '151400106', '曾偲怡', 1, '430521199908220063', '15312351563', 18, '15届', NULL, NULL);
INSERT INTO `student` VALUES (128, 4, '151400107', '张欣', 1, '430681199903047048', '15312351563', 18, '15届', NULL, NULL);
INSERT INTO `student` VALUES (129, 4, '151400108', '周山湘', 1, '430581199804071522', '15312351563', 18, '15届', NULL, NULL);
INSERT INTO `student` VALUES (130, 4, '151400109', '陈柏林', 0, '430528199805183313', '15312351563', 18, '15届', NULL, NULL);
INSERT INTO `student` VALUES (131, 4, '151400110', '陈凤', 1, '430223199810080740', '15312351563', 18, '15届', NULL, NULL);
INSERT INTO `student` VALUES (132, 4, '151400111', '黄娜', 1, '431002199807024041', '15312351563', 18, '15届', NULL, NULL);
INSERT INTO `student` VALUES (133, 4, '151400112', '匡泓', 1, '430902199712167021', '15312351563', 18, '15届', NULL, NULL);
INSERT INTO `student` VALUES (134, 4, '151400113', '龙振', 0, '43048219971102359X', '15312351563', 18, '15届', NULL, NULL);
INSERT INTO `student` VALUES (135, 4, '151400114', '欧阳孟君', 1, '430903199805040069', '15312351563', 18, '15届', NULL, NULL);
INSERT INTO `student` VALUES (136, 4, '151400115', '容豪', 0, '430405199605072539', '15312351563', 18, '15届', NULL, NULL);
INSERT INTO `student` VALUES (137, 4, '151400116', '孙转转', 1, '430623199906136720', '15312351563', 18, '15届', NULL, NULL);
INSERT INTO `student` VALUES (138, 4, '151400117', '文浩宇', 0, '430424199808126233', '15312351563', 18, '15届', NULL, NULL);
INSERT INTO `student` VALUES (139, 4, '151400118', '谢石麟', 0, '430602199804127717', '15312351563', 18, '15届', NULL, NULL);
INSERT INTO `student` VALUES (140, 4, '151400119', '周振华', 0, '430522199710152874', '15312351563', 18, '15届', NULL, NULL);
INSERT INTO `student` VALUES (141, 4, '151400120', '章浩', 0, '432524199806307214', '15312351563', 18, '15届', NULL, NULL);
INSERT INTO `student` VALUES (142, 4, '151400121', '祝杨', 0, '430722199511040715', '15312351563', 18, '15届', NULL, NULL);
INSERT INTO `student` VALUES (143, 4, '151400122', '余浩', 0, '43072519960908191X', '15312351563', 18, '15届', NULL, NULL);
INSERT INTO `student` VALUES (144, 4, '151400123', '蔡栎阳', 0, '120223199701275810', '15312351563', 18, '15届', NULL, NULL);
INSERT INTO `student` VALUES (145, 4, '151400124', '陈昌秀', 1, '500222199701133745', '15312351563', 18, '15届', NULL, NULL);
INSERT INTO `student` VALUES (146, 4, '151400125', '陈科蓉', 1, '430724199801312523', '15312351563', 18, '15届', NULL, NULL);
INSERT INTO `student` VALUES (147, 4, '151400126', '陈邵怀', 1, '431281199802070424', '15312351563', 18, '15届', NULL, NULL);
INSERT INTO `student` VALUES (148, 4, '151400127', '陈文俊', 1, '430221199612024147', '15312351563', 18, '15届', NULL, NULL);
INSERT INTO `student` VALUES (149, 4, '151400128', '邓卫', 1, '522401199609014027', '15312351563', 18, '15届', NULL, NULL);
INSERT INTO `student` VALUES (150, 4, '151400129', '邓秀秀', 1, '430523199710220108', '15312351563', 18, '15届', NULL, NULL);
INSERT INTO `student` VALUES (151, 4, '151400130', '丁婉茹', 1, '342224199602250422', '15312351563', 18, '15届', NULL, NULL);
INSERT INTO `student` VALUES (152, 4, '151400131', '段林杰', 0, '430482199709161117', '15312351563', 18, '15届', NULL, NULL);
INSERT INTO `student` VALUES (153, 4, '151400132', '龚俊羲', 1, '430703199810063264', '15312351563', 18, '15届', NULL, NULL);
INSERT INTO `student` VALUES (154, 4, '151400133', '何京津', 1, '431002199706236029', '15312351563', 18, '15届', NULL, NULL);
INSERT INTO `student` VALUES (155, 4, '151400134', '黄健良', 0, '440782199603077337', '15312351563', 18, '15届', NULL, NULL);
INSERT INTO `student` VALUES (156, 4, '151400135', '姜静文', 1, '430124199609151421', '15312351563', 18, '15届', NULL, NULL);
INSERT INTO `student` VALUES (157, 4, '151400136', '金媛媛', 1, '420602199706281022', '15312351563', 18, '15届', NULL, NULL);
INSERT INTO `student` VALUES (158, 4, '151400137', '赖新鸿', 0, '360721199410134013', '15312351563', 18, '15届', NULL, NULL);
INSERT INTO `student` VALUES (159, 4, '151400138', '雷旅海', 0, '430522199708144939', '15312351563', 18, '15届', NULL, NULL);
INSERT INTO `student` VALUES (160, 4, '151400139', '李良', 0, '430181199605148919', '15312351563', 18, '15届', NULL, NULL);
INSERT INTO `student` VALUES (161, 4, '151400140', '李铭超', 0, '430725199610090813', '15312351563', 18, '15届', NULL, NULL);
INSERT INTO `student` VALUES (162, 4, '151400141', '林铃', 1, '430621199606107028', '15312351563', 18, '15届', NULL, NULL);
INSERT INTO `student` VALUES (163, 4, '151400142', '刘斌', 0, '43068119971008001X', '15312351563', 18, '15届', NULL, NULL);
INSERT INTO `student` VALUES (164, 4, '151400143', '刘宏辉', 1, '430922199706156428', '15312351563', 18, '15届', NULL, NULL);
INSERT INTO `student` VALUES (165, 4, '151400144', '刘佳琳', 1, '431224199805075063', '15312351563', 18, '15届', NULL, NULL);
INSERT INTO `student` VALUES (166, 4, '151400145', '刘力华', 1, '430581199705017280', '15312351563', 18, '15届', NULL, NULL);
INSERT INTO `student` VALUES (167, 4, '151400146', '刘立俊', 1, '220721199702083624', '15312351563', 18, '15届', NULL, NULL);
INSERT INTO `student` VALUES (168, 4, '151400147', '牟李红', 1, '430702199606173523', '15312351563', 18, '15届', NULL, NULL);
INSERT INTO `student` VALUES (169, 4, '151400148', '彭涛', 0, '430981199609018314', '15312351563', 18, '15届', NULL, NULL);
INSERT INTO `student` VALUES (170, 4, '151400149', '秦柳星', 0, '431021199709045534', '15312351563', 18, '15届', NULL, NULL);
INSERT INTO `student` VALUES (171, 4, '151400150', '宋宇凡', 0, '430811199612250013', '15312351563', 18, '15届', NULL, NULL);
INSERT INTO `student` VALUES (172, 4, '151400151', '孙朵朵', 1, '430821199710110623', '15312351563', 18, '15届', NULL, NULL);
INSERT INTO `student` VALUES (173, 4, '151400152', '谈文文', 1, '330522199610305323', '15312351563', 18, '15届', NULL, NULL);
INSERT INTO `student` VALUES (174, 5, '151500101', '谭升', 0, '430424199710264814', '15312351563', 18, '15届', NULL, NULL);
INSERT INTO `student` VALUES (175, 5, '151500102', '唐敏妮', 1, '450881199605090368', '15312351563', 18, '15届', NULL, NULL);
INSERT INTO `student` VALUES (176, 5, '151500103', '唐霜', 1, '431102199508193887', '15312351563', 18, '15届', NULL, NULL);
INSERT INTO `student` VALUES (177, 5, '151500104', '王世浩', 0, '420602199706050013', '15312351563', 18, '15届', NULL, NULL);
INSERT INTO `student` VALUES (178, 5, '151500105', '王思宇', 1, '430225199701226520', '15312351563', 18, '15届', NULL, NULL);
INSERT INTO `student` VALUES (179, 5, '151500106', '王正', 0, '152723199609097817', '15312351563', 18, '15届', NULL, NULL);
INSERT INTO `student` VALUES (180, 5, '151500107', '文祥亮', 0, '430202199701194018', '15312351563', 18, '15届', NULL, NULL);
INSERT INTO `student` VALUES (181, 5, '151500108', '伍资姿', 1, '430321199706110025', '15312351563', 18, '15届', NULL, NULL);
INSERT INTO `student` VALUES (182, 5, '151500109', '向金玉', 1, '431222199608030621', '15312351563', 18, '15届', NULL, NULL);
INSERT INTO `student` VALUES (183, 5, '151500110', '肖自珍', 1, '430424199801086427', '15312351563', 18, '15届', NULL, NULL);
INSERT INTO `student` VALUES (184, 5, '151500111', '谢雅馨', 1, '43250319981029002X', '15312351563', 18, '15届', NULL, NULL);
INSERT INTO `student` VALUES (185, 5, '151500112', '熊喻薇', 1, '430121199707278523', '15312351563', 18, '15届', NULL, NULL);
INSERT INTO `student` VALUES (186, 5, '151500113', '薛秋冬', 0, '500225199610192212', '15312351563', 18, '15届', NULL, NULL);
INSERT INTO `student` VALUES (187, 5, '151500114', '张伟', 1, '430181199704147102', '15312351563', 18, '15届', NULL, NULL);
INSERT INTO `student` VALUES (188, 5, '151500115', '朱琳', 1, '640323199601061089', '15312351563', 18, '15届', NULL, NULL);
INSERT INTO `student` VALUES (189, 5, '151500116', '朱巍威', 0, '432522199706057411', '15312351563', 18, '15届', NULL, NULL);
INSERT INTO `student` VALUES (190, 5, '151500117', '赵冬冬', 0, '430424199411232513', '15312351563', 18, '15届', NULL, NULL);
INSERT INTO `student` VALUES (191, 5, '151500118', '陈圳尧', 0, '431121199512290013', '15312351563', 18, '15届', NULL, NULL);
INSERT INTO `student` VALUES (192, 5, '151500119', '黄洁', 1, '430528199506249327', '15312351563', 18, '15届', NULL, NULL);
INSERT INTO `student` VALUES (193, 5, '151500120', '董少琪', 1, '330327199506222529', '15312351563', 18, '15届', NULL, NULL);
INSERT INTO `student` VALUES (194, 5, '151500121', '韩烨', 0, '430602199512223010', '15312351563', 18, '15届', NULL, NULL);
INSERT INTO `student` VALUES (195, 5, '151500122', '郭俊勇', 0, '431002199507020516', '15312351563', 18, '15届', NULL, NULL);
INSERT INTO `student` VALUES (196, 5, '151500123', '陈沛敏', 0, '430181199604120017', '15312351563', 18, '15届', NULL, NULL);
INSERT INTO `student` VALUES (197, 5, '151500124', '陈瑜', 1, '421126199702236624', '15312351563', 18, '15届', NULL, NULL);
INSERT INTO `student` VALUES (198, 5, '151500125', '邓舒方', 1, '431127199605256760', '15312351563', 18, '15届', NULL, NULL);
INSERT INTO `student` VALUES (199, 5, '151500126', '杜晓东', 0, '410329199603286519', '15312351563', 18, '15届', NULL, NULL);
INSERT INTO `student` VALUES (200, 5, '151500127', '方妮', 1, '350622199607262544', '15312351563', 18, '15届', NULL, NULL);
INSERT INTO `student` VALUES (201, 5, '151500128', '甘小谣', 1, '430902199611089108', '15312351563', 18, '15届', NULL, NULL);
INSERT INTO `student` VALUES (202, 5, '151500129', '郭桐珲', 0, '32132419970519003X', '15312351563', 18, '15届', NULL, NULL);
INSERT INTO `student` VALUES (203, 5, '151500130', '胡慧芝', 1, '430421199612240027', '15312351563', 18, '15届', NULL, NULL);
INSERT INTO `student` VALUES (204, 5, '151500131', '黄金来', 0, '430681199607285711', '15312351563', 18, '15届', NULL, NULL);
INSERT INTO `student` VALUES (205, 5, '151500132', '姜子实', 0, '430124199810233277', '15312351563', 18, '15届', NULL, NULL);
INSERT INTO `student` VALUES (206, 5, '151500133', '孔繁玉', 1, '220881199702151924', '15312351563', 18, '15届', NULL, NULL);
INSERT INTO `student` VALUES (207, 5, '151500134', '黎丽香', 1, '460300199604050328', '15312351563', 18, '15届', NULL, NULL);
INSERT INTO `student` VALUES (208, 5, '151500135', '李佳', 1, '431024199703043668', '15312351563', 18, '15届', NULL, NULL);
INSERT INTO `student` VALUES (209, 5, '151500136', '李双飞', 1, '330724199709021121', '15312351563', 18, '15届', NULL, NULL);
INSERT INTO `student` VALUES (210, 5, '151500137', '李小朗', 0, '44142419951225487X', '15312351563', 18, '15届', NULL, NULL);
INSERT INTO `student` VALUES (211, 5, '151500138', '李志平', 0, '430821199608070039', '15312351563', 18, '15届', NULL, NULL);
INSERT INTO `student` VALUES (212, 5, '151500139', '梁典', 0, '432503199610090314', '15312351563', 18, '15届', NULL, NULL);
INSERT INTO `student` VALUES (213, 5, '151500140', '刘娟', 1, '654223199701251226', '15312351563', 18, '15届', NULL, NULL);
INSERT INTO `student` VALUES (214, 5, '151500141', '刘铁', 0, '431224199611162919', '15312351563', 18, '15届', NULL, NULL);
INSERT INTO `student` VALUES (215, 5, '151500142', '刘州伟', 1, '430521199802117543', '15312351563', 18, '15届', NULL, NULL);
INSERT INTO `student` VALUES (216, 5, '151500143', '陆力', 0, '429006199605174210', '15312351563', 18, '15届', NULL, NULL);
INSERT INTO `student` VALUES (217, 5, '151500144', '罗昌', 0, '430424199701100658', '15312351563', 18, '15届', NULL, NULL);
INSERT INTO `student` VALUES (218, 5, '151500145', '罗雪珍', 1, '430923199702027529', '15312351563', 18, '15届', NULL, NULL);
INSERT INTO `student` VALUES (219, 5, '151500146', '欧阳聿昕', 1, '430223199708102229', '15312351563', 18, '15届', NULL, NULL);
INSERT INTO `student` VALUES (220, 5, '151500147', '沈瑛', 1, '430703199801278685', '15312351563', 18, '15届', NULL, NULL);
INSERT INTO `student` VALUES (221, 5, '151500148', '舒倩', 1, '430528199808115885', '15312351563', 18, '15届', NULL, NULL);
INSERT INTO `student` VALUES (222, 5, '151500149', '孙红艳', 1, '431224199812068523', '15312351563', 18, '15届', NULL, NULL);
INSERT INTO `student` VALUES (223, 5, '151500150', '谭计花', 1, '430124199702247962', '15312351563', 18, '15届', NULL, NULL);
INSERT INTO `student` VALUES (224, 5, '151500151', '汤文峰', 0, '430723199710123210', '15312351563', 18, '15届', NULL, NULL);
INSERT INTO `student` VALUES (225, 5, '151500152', '陶琼', 1, '430527199804130029', '15312351563', 18, '15届', NULL, NULL);
INSERT INTO `student` VALUES (226, 6, '151600101', '王回', 0, '430923199710293237', '15312351563', 18, '15届', NULL, NULL);
INSERT INTO `student` VALUES (227, 6, '151600102', '王杰', 0, '511622199510086418', '15312351563', 18, '15届', NULL, NULL);
INSERT INTO `student` VALUES (228, 6, '151600103', '王婷', 1, '430121199709224529', '15312351563', 18, '15届', NULL, NULL);
INSERT INTO `student` VALUES (229, 6, '151600104', '吴启聪', 0, '430181199511228715', '15312351563', 18, '15届', NULL, NULL);
INSERT INTO `student` VALUES (230, 6, '151600105', '吴诗婷', 1, '430482199709101384', '15312351563', 18, '15届', NULL, NULL);
INSERT INTO `student` VALUES (231, 6, '151600106', '谢宇逸', 0, '430422199802019119', '15312351563', 18, '15届', NULL, NULL);
INSERT INTO `student` VALUES (232, 6, '151600107', '熊洁', 1, '500231199509201863', '15312351563', 18, '15届', NULL, NULL);
INSERT INTO `student` VALUES (233, 6, '151600108', '杨思', 1, '432524199810312526', '15312351563', 18, '15届', NULL, NULL);
INSERT INTO `student` VALUES (234, 6, '151600109', '尹宁', 0, '140603199507161318', '15312351563', 18, '15届', NULL, NULL);
INSERT INTO `student` VALUES (235, 6, '151600110', '曾培', 1, '431023199802250025', '15312351563', 18, '15届', NULL, NULL);
INSERT INTO `student` VALUES (236, 6, '151600111', '周平', 1, '431382199603250045', '15312351563', 18, '15届', NULL, NULL);
INSERT INTO `student` VALUES (237, 6, '151600112', '周莹', 1, '430124199709306566', '15312351563', 18, '15届', NULL, NULL);
INSERT INTO `student` VALUES (238, 6, '151600113', '蒋帅', 0, '43062419980128001X', '15312351563', 18, '15届', NULL, NULL);
INSERT INTO `student` VALUES (239, 6, '151600114', '彭友福', 0, '430424199711291013', '15312351563', 18, '15届', NULL, NULL);
INSERT INTO `student` VALUES (240, 6, '151600115', '陶彬容', 1, '430181199806146426', '15312351563', 18, '15届', NULL, NULL);
INSERT INTO `student` VALUES (241, 6, '151600116', '肖思佳', 1, '431126199512180027', '15312351563', 18, '15届', NULL, NULL);
INSERT INTO `student` VALUES (242, 6, '151600117', '陈汐', 1, '430481199707128704', '15312351563', 18, '15届', NULL, NULL);
INSERT INTO `student` VALUES (243, 6, '151600118', '左朝菁', 1, '430405199604201028', '15312351563', 18, '15届', NULL, NULL);
INSERT INTO `student` VALUES (244, 6, '151600119', '袁成梁', 0, '430682199605307418', '15312351563', 18, '15届', NULL, NULL);
INSERT INTO `student` VALUES (245, 6, '151600120', '周文萱', 1, '430623199603066788', '15312351563', 18, '15届', NULL, NULL);
INSERT INTO `student` VALUES (246, 6, '151600121', '成功', 0, '431102199702190014', '15312351563', 18, '15届', NULL, NULL);
INSERT INTO `student` VALUES (247, 6, '151600122', '金成', 0, '430111199609081337', '15312351563', 18, '15届', NULL, NULL);
INSERT INTO `student` VALUES (248, 6, '151600123', '何晋', 0, '432524199708190016', '15312351563', 18, '15届', NULL, NULL);
INSERT INTO `student` VALUES (249, 6, '151600124', '王勇', 0, '430422199511064817', '15312351563', 18, '15届', NULL, NULL);
INSERT INTO `student` VALUES (250, 6, '151600125', '文彬', 0, '43072519960206157X', '15312351563', 18, '15届', NULL, NULL);
INSERT INTO `student` VALUES (251, 6, '151600126', '卿丹', 1, '431122199601054545', '15312351563', 18, '15届', NULL, NULL);
INSERT INTO `student` VALUES (252, 6, '151600127', '刘洋', 0, '230281199605042610', '15312351563', 18, '15届', NULL, NULL);
INSERT INTO `student` VALUES (253, 6, '151600128', '曹一杰', 0, '341222199802212419', '15312351563', 18, '15届', NULL, NULL);
INSERT INTO `student` VALUES (254, 6, '151600129', '陈梦桃', 1, '342123199506180768', '15312351563', 18, '15届', NULL, NULL);
INSERT INTO `student` VALUES (255, 6, '151600130', '陈钱粮', 0, '430611199608105517', '15312351563', 18, '15届', NULL, NULL);
INSERT INTO `student` VALUES (256, 6, '151600131', '戴嘉敏', 1, '430321199801290749', '15312351563', 18, '15届', NULL, NULL);
INSERT INTO `student` VALUES (257, 6, '151600132', '戴鑫', 0, '430302199701071056', '15312351563', 18, '15届', NULL, NULL);
INSERT INTO `student` VALUES (258, 6, '151600133', '戴雅倩', 1, '430581199707018287', '15312351563', 18, '15届', NULL, NULL);
INSERT INTO `student` VALUES (259, 6, '151600134', '丁胜杰', 0, '410423199509282519', '15312351563', 18, '15届', NULL, NULL);
INSERT INTO `student` VALUES (260, 6, '151600135', '方甜', 1, '430602199711138628', '15312351563', 18, '15届', NULL, NULL);
INSERT INTO `student` VALUES (261, 6, '151600136', '甘宇辉', 0, '433127199701217819', '15312351563', 18, '15届', NULL, NULL);
INSERT INTO `student` VALUES (262, 6, '151600137', '郭天鸿', 0, '430902199709020037', '15312351563', 18, '15届', NULL, NULL);
INSERT INTO `student` VALUES (263, 6, '151600138', '何旦华', 0, '431028199703090056', '15312351563', 18, '15届', NULL, NULL);
INSERT INTO `student` VALUES (264, 6, '151600139', '何季燕', 1, '440882199612051521', '15312351563', 18, '15届', NULL, NULL);
INSERT INTO `student` VALUES (265, 6, '151600140', '何曾真', 1, '430623199710182426', '15312351563', 18, '15届', NULL, NULL);
INSERT INTO `student` VALUES (266, 6, '151600141', '贺翠', 1, '43062419960430692X', '15312351563', 18, '15届', NULL, NULL);
INSERT INTO `student` VALUES (267, 6, '151600142', '金淑英', 1, '460003199512292269', '15312351563', 18, '15届', NULL, NULL);
INSERT INTO `student` VALUES (268, 6, '151600143', '旷杰', 0, '511524199608255774', '15312351563', 18, '15届', NULL, NULL);
INSERT INTO `student` VALUES (269, 6, '151600144', '黎惠玲', 1, '430921199707210469', '15312351563', 18, '15届', NULL, NULL);
INSERT INTO `student` VALUES (270, 6, '151600145', '李彬', 1, '430223199708043820', '15312351563', 18, '15届', NULL, NULL);
INSERT INTO `student` VALUES (271, 6, '151600146', '李丽娟', 1, '430181199705066662', '15312351563', 18, '15届', NULL, NULL);
INSERT INTO `student` VALUES (272, 6, '151600147', '梁泸才', 0, '450481199602181430', '15312351563', 18, '15届', NULL, NULL);
INSERT INTO `student` VALUES (273, 6, '151600148', '林欣', 1, '350182199612184324', '15312351563', 18, '15届', NULL, NULL);
INSERT INTO `student` VALUES (274, 6, '151600149', '罗浩文', 0, '430923199710096612', '15312351563', 18, '15届', NULL, NULL);
INSERT INTO `student` VALUES (275, 6, '151600150', '裴雪韵', 1, '430611199801265045', '15312351563', 18, '15届', NULL, NULL);
INSERT INTO `student` VALUES (276, 6, '151600151', '彭子威', 0, '430723199803140810', '15312351563', 18, '15届', NULL, NULL);
INSERT INTO `student` VALUES (277, 6, '151600152', '孙刘阳', 1, '431121199609040088', '15312351563', 18, '15届', NULL, NULL);
INSERT INTO `student` VALUES (278, 7, '151700101', '谭浩彬', 0, '440683199611053934', '15312351563', 18, '15届', NULL, NULL);
INSERT INTO `student` VALUES (279, 7, '151700102', '田进兴', 0, '433127199612036215', '15312351563', 18, '15届', NULL, NULL);
INSERT INTO `student` VALUES (280, 7, '151700103', '王凤', 1, '431222199705062545', '15312351563', 18, '15届', NULL, NULL);
INSERT INTO `student` VALUES (281, 7, '151700104', '王婷', 1, '431321199712285180', '15312351563', 18, '15届', NULL, NULL);
INSERT INTO `student` VALUES (282, 7, '151700105', '徐雅静', 1, '430721199702287300', '15312351563', 18, '15届', NULL, NULL);
INSERT INTO `student` VALUES (283, 7, '151700106', '许依依', 1, '431228199608155828', '15312351563', 18, '15届', NULL, NULL);
INSERT INTO `student` VALUES (284, 7, '151700107', '严智', 0, '430623199812092210', '15312351563', 18, '15届', NULL, NULL);
INSERT INTO `student` VALUES (285, 7, '151700108', '杨曼', 1, '430702199511162522', '15312351563', 18, '15届', NULL, NULL);
INSERT INTO `student` VALUES (286, 7, '151700109', '易旺', 0, '432503199710294672', '15312351563', 18, '15届', NULL, NULL);
INSERT INTO `student` VALUES (287, 7, '151700110', '张舍予', 1, '430124199803016282', '15312351563', 18, '15届', NULL, NULL);
INSERT INTO `student` VALUES (288, 7, '151700111', '赵欣瑶', 1, '231002199701292040', '15312351563', 18, '15届', NULL, NULL);
INSERT INTO `student` VALUES (289, 7, '151700112', '周浩', 0, '430923199703095734', '15312351563', 18, '15届', NULL, NULL);
INSERT INTO `student` VALUES (290, 7, '151700113', '周敏', 1, '430521199411083569', '15312351563', 18, '15届', NULL, NULL);
INSERT INTO `student` VALUES (291, 7, '151700114', '周倩', 1, '610602199509093829', '15312351563', 18, '15届', NULL, NULL);
INSERT INTO `student` VALUES (292, 7, '151700115', '张茗洁', 1, '430602199606282046', '15312351563', 18, '15届', NULL, NULL);
INSERT INTO `student` VALUES (293, 7, '151700116', '肖善良', 0, '41092619960228243X', '15312351563', 18, '15届', NULL, NULL);
INSERT INTO `student` VALUES (294, 7, '151700117', '蔡泽宇', 0, '430102199606172018', '15312351563', 18, '15届', NULL, NULL);
INSERT INTO `student` VALUES (295, 7, '151700118', '刘陶明', 0, '430522199511246616', '15312351563', 18, '15届', NULL, NULL);
INSERT INTO `student` VALUES (296, 7, '151700119', '刘欣', 1, '430104199606260029', '15312351563', 18, '15届', NULL, NULL);
INSERT INTO `student` VALUES (297, 7, '151700120', '张致博', 0, '652101199502230419', '15312351563', 18, '15届', NULL, NULL);
INSERT INTO `student` VALUES (298, 7, '151700121', '谭晖晖', 1, '430224199606142226', '15312351563', 18, '15届', NULL, NULL);
INSERT INTO `student` VALUES (299, 7, '151700122', '易常昶', 0, '430624199603080033', '15312351563', 18, '15届', NULL, NULL);
INSERT INTO `student` VALUES (300, 7, '151700123', '向仪', 1, '433101199605100529', '15312351563', 18, '15届', NULL, NULL);
INSERT INTO `student` VALUES (301, 7, '151700124', '刘其峰', 0, '431081199503011351', '15312351563', 18, '15届', NULL, NULL);
INSERT INTO `student` VALUES (302, 7, '151700125', '陈静', 1, '341222199606120760', '15312351563', 18, '15届', NULL, NULL);
INSERT INTO `student` VALUES (303, 7, '151700126', '陈鹏', 0, '430421199601189457', '15312351563', 18, '15届', NULL, NULL);
INSERT INTO `student` VALUES (304, 7, '151700127', '陈嫣', 1, '430121199801112220', '15312351563', 18, '15届', NULL, NULL);
INSERT INTO `student` VALUES (305, 7, '151700128', '代金柱', 0, '430105199805036130', '15312351563', 18, '15届', NULL, NULL);
INSERT INTO `student` VALUES (306, 7, '151700129', '范旬', 1, '430703199609069584', '15312351563', 18, '15届', NULL, NULL);
INSERT INTO `student` VALUES (307, 7, '151700130', '何清云', 1, '43028119940810738X', '15312351563', 18, '15届', NULL, NULL);
INSERT INTO `student` VALUES (308, 7, '151700131', '胡梦达', 0, '430703199802037170', '15312351563', 18, '15届', NULL, NULL);
INSERT INTO `student` VALUES (309, 7, '151700132', '蒋格', 0, '431129199603192014', '15312351563', 18, '15届', NULL, NULL);
INSERT INTO `student` VALUES (310, 7, '151700133', '金菊红', 1, '430726199608203926', '15312351563', 18, '15届', NULL, NULL);
INSERT INTO `student` VALUES (311, 7, '151700134', '康颖', 1, '432524199606157725', '15312351563', 18, '15届', NULL, NULL);
INSERT INTO `student` VALUES (312, 7, '151700135', '李青', 1, '430621199506137086', '15312351563', 18, '15届', NULL, NULL);
INSERT INTO `student` VALUES (313, 7, '151700136', '梁馨元', 1, '43122519971004202X', '15312351563', 18, '15届', NULL, NULL);
INSERT INTO `student` VALUES (314, 7, '151700137', '刘厚财', 0, '430482199801254797', '15312351563', 18, '15届', NULL, NULL);
INSERT INTO `student` VALUES (315, 7, '151700138', '刘金虹', 1, '430521199711205687', '15312351563', 18, '15届', NULL, NULL);
INSERT INTO `student` VALUES (316, 7, '151700139', '夏叶纯', 1, '510704199610063127', '15312351563', 18, '15届', NULL, NULL);
INSERT INTO `student` VALUES (317, 7, '151700140', '刘旭明', 0, '430521199705060012', '15312351563', 18, '15届', NULL, NULL);
INSERT INTO `student` VALUES (318, 7, '151700141', '刘一凡', 0, '430121199610166330', '15312351563', 18, '15届', NULL, NULL);
INSERT INTO `student` VALUES (319, 7, '151700142', '刘永锋', 0, '431128199707018030', '15312351563', 18, '15届', NULL, NULL);
INSERT INTO `student` VALUES (320, 7, '151700143', '龙尚兵', 0, '430903199708263017', '15312351563', 18, '15届', NULL, NULL);
INSERT INTO `student` VALUES (321, 7, '151700144', '鲁琦', 1, '340222199702053528', '15312351563', 18, '15届', NULL, NULL);
INSERT INTO `student` VALUES (322, 7, '151700145', '孟小蝶', 1, '412726199401155427', '15312351563', 18, '15届', NULL, NULL);
INSERT INTO `student` VALUES (323, 7, '151700146', '宁凉兰', 1, '431026199612142823', '15312351563', 18, '15届', NULL, NULL);
INSERT INTO `student` VALUES (324, 7, '151700147', '欧阳文慧', 1, '431202199611244422', '15312351563', 18, '15届', NULL, NULL);
INSERT INTO `student` VALUES (325, 7, '151700148', '欧璋珍', 1, '460007199409216183', '15312351563', 18, '15届', NULL, NULL);
INSERT INTO `student` VALUES (326, 7, '151700149', '彭献', 0, '431321199608180012', '15312351563', 18, '15届', NULL, NULL);
INSERT INTO `student` VALUES (327, 7, '151700150', '乔敏', 1, '430224199610047221', '15312351563', 18, '15届', NULL, NULL);
INSERT INTO `student` VALUES (328, 7, '151700151', '秦乔治', 0, '41130319970620101X', '15312351563', 18, '15届', NULL, NULL);
INSERT INTO `student` VALUES (329, 7, '151700152', '陶香莲', 1, '430723199706172220', '15312351563', 18, '15届', NULL, NULL);
INSERT INTO `student` VALUES (330, 7, '151700153', '王霁璇', 1, '430321199702051224', '15312351563', 18, '15届', NULL, NULL);
INSERT INTO `student` VALUES (331, 8, '151800101', '王岩', 0, '150424199607260017', '15312351563', 18, '15届', NULL, NULL);
INSERT INTO `student` VALUES (332, 8, '151800102', '王轶', 1, '220625199706271526', '15312351563', 18, '15届', NULL, NULL);
INSERT INTO `student` VALUES (333, 8, '151800103', '文豪', 0, '430681199610091715', '15312351563', 18, '15届', NULL, NULL);
INSERT INTO `student` VALUES (334, 8, '151800104', '夏双', 1, '430526199707193523', '15312351563', 18, '15届', NULL, NULL);
INSERT INTO `student` VALUES (335, 8, '151800105', '肖倩', 1, '430981199711063023', '15312351563', 18, '15届', NULL, NULL);
INSERT INTO `student` VALUES (336, 8, '151800106', '杨文霞', 1, '430422199509159884', '15312351563', 18, '15届', NULL, NULL);
INSERT INTO `student` VALUES (337, 8, '151800107', '杨紫欣', 1, '430124199712041722', '15312351563', 18, '15届', NULL, NULL);
INSERT INTO `student` VALUES (338, 8, '151800108', '张森', 0, '43080219970609123X', '15312351563', 18, '15届', NULL, NULL);
INSERT INTO `student` VALUES (339, 8, '151800109', '章肖钒', 0, '430321199803203717', '15312351563', 18, '15届', NULL, NULL);
INSERT INTO `student` VALUES (340, 8, '151800110', '邹谦', 1, '43252419950606402X', '15312351563', 18, '15届', NULL, NULL);
INSERT INTO `student` VALUES (341, 8, '151800111', '邹闰康', 0, '430421199509036554', '15312351563', 18, '15届', NULL, NULL);
INSERT INTO `student` VALUES (342, 8, '151800112', '邹云', 1, '432524199609105445', '15312351563', 18, '15届', NULL, NULL);
INSERT INTO `student` VALUES (343, 8, '151800113', '侯文琦', 0, '430281199708251332', '15312351563', 18, '15届', NULL, NULL);
INSERT INTO `student` VALUES (344, 8, '151800114', '杨昭蓉', 1, '430521199707203785', '15312351563', 18, '15届', NULL, NULL);
INSERT INTO `student` VALUES (345, 8, '151800115', '汪勇', 0, '340821199601202711', '15312351563', 18, '15届', NULL, NULL);
INSERT INTO `student` VALUES (346, 8, '151800116', '曾龄靓', 1, '430702199601262025', '15312351563', 18, '15届', NULL, NULL);
INSERT INTO `student` VALUES (347, 8, '151800117', '周峤', 0, '430702199602132011', '15312351563', 18, '15届', NULL, NULL);
INSERT INTO `student` VALUES (348, 8, '151800118', '蔺泽聃', 1, '150303199603180522', '15312351563', 18, '15届', NULL, NULL);
INSERT INTO `student` VALUES (349, 8, '151800119', '张邵芳', 1, '431202199604167625', '15312351563', 18, '15届', NULL, NULL);
INSERT INTO `student` VALUES (350, 8, '151800120', '邹璐婷', 1, '43052419970712244X', '15312351563', 18, '15届', NULL, NULL);
INSERT INTO `student` VALUES (351, 8, '151800121', '张思源', 0, '43062319961005833X', '15312351563', 18, '15届', NULL, NULL);
INSERT INTO `student` VALUES (352, 8, '151800122', '陈琦瑶', 1, '430223199709111020', '15312351563', 18, '15届', NULL, NULL);
INSERT INTO `student` VALUES (353, 8, '151800123', '单润芳', 1, '430424199508174823', '15312351563', 18, '15届', NULL, NULL);
INSERT INTO `student` VALUES (354, 8, '151800124', '邓敏', 1, '430923199703283823', '15312351563', 18, '15届', NULL, NULL);
INSERT INTO `student` VALUES (355, 8, '151800125', '范佳欣', 1, '430105199706031027', '15312351563', 18, '15届', NULL, NULL);
INSERT INTO `student` VALUES (356, 8, '151800126', '方彬', 0, '430581199711294014', '15312351563', 18, '15届', NULL, NULL);
INSERT INTO `student` VALUES (357, 8, '151800127', '葛琼', 1, '430822199702118840', '15312351563', 18, '15届', NULL, NULL);
INSERT INTO `student` VALUES (358, 8, '151800128', '蒋胜玲', 1, '431126199612300823', '15312351563', 18, '15届', NULL, NULL);
INSERT INTO `student` VALUES (359, 8, '151800129', '李标明', 0, '430626199706285632', '15312351563', 18, '15届', NULL, NULL);
INSERT INTO `student` VALUES (360, 8, '151800130', '李博', 0, '430521199606032593', '15312351563', 18, '15届', NULL, NULL);
INSERT INTO `student` VALUES (361, 8, '151800131', '李佳宁', 1, '430621199707248882', '15312351563', 18, '15届', NULL, NULL);
INSERT INTO `student` VALUES (362, 8, '151800132', '李莎', 1, '430502199612214028', '15312351563', 18, '15届', NULL, NULL);
INSERT INTO `student` VALUES (363, 8, '151800133', '廖越丽', 1, '430425199706234029', '15312351563', 18, '15届', NULL, NULL);
INSERT INTO `student` VALUES (364, 8, '151800134', '刘彩霞', 1, '430223199702055126', '15312351563', 18, '15届', NULL, NULL);
INSERT INTO `student` VALUES (365, 8, '151800135', '欧俊龙', 0, '430124199601244973', '15312351563', 18, '15届', NULL, NULL);
INSERT INTO `student` VALUES (366, 8, '151800136', '彭洁茹', 1, '430321199704164142', '15312351563', 18, '15届', NULL, NULL);
INSERT INTO `student` VALUES (367, 8, '151800137', '彭蓉', 1, '430426199609188944', '15312351563', 18, '15届', NULL, NULL);
INSERT INTO `student` VALUES (368, 8, '151800138', '綦欣杰', 0, '430405199706062030', '15312351563', 18, '15届', NULL, NULL);
INSERT INTO `student` VALUES (369, 8, '151800139', '秦思茹', 1, '430424199801131021', '15312351563', 18, '15届', NULL, NULL);
INSERT INTO `student` VALUES (370, 8, '151800140', '唐誉', 1, '430121199710281088', '15312351563', 18, '15届', NULL, NULL);
INSERT INTO `student` VALUES (371, 8, '151800141', '汪紫睿', 1, '430922199712180061', '15312351563', 18, '15届', NULL, NULL);
INSERT INTO `student` VALUES (372, 8, '151800142', '王鹏鸾', 0, '430103199612042515', '15312351563', 18, '15届', NULL, NULL);
INSERT INTO `student` VALUES (373, 8, '151800143', '文进', 0, '430124199708292932', '15312351563', 18, '15届', NULL, NULL);
INSERT INTO `student` VALUES (374, 8, '151800144', '向梅', 1, '431222199708221046', '15312351563', 18, '15届', NULL, NULL);
INSERT INTO `student` VALUES (375, 8, '151800145', '肖环', 1, '430381199711302327', '15312351563', 18, '15届', NULL, NULL);
INSERT INTO `student` VALUES (376, 8, '151800146', '肖可', 1, '430981199712256628', '15312351563', 18, '15届', NULL, NULL);
INSERT INTO `student` VALUES (377, 8, '151800147', '谢循', 1, '430481199804073426', '15312351563', 18, '15届', NULL, NULL);
INSERT INTO `student` VALUES (378, 8, '151800148', '姚港', 1, '430122199804134325', '15312351563', 18, '15届', NULL, NULL);
INSERT INTO `student` VALUES (379, 8, '151800149', '殷伊玲', 1, '430681199703029320', '15312351563', 18, '15届', NULL, NULL);
INSERT INTO `student` VALUES (380, 8, '151800150', '元木兰', 1, '430682199610229426', '15312351563', 18, '15届', NULL, NULL);
INSERT INTO `student` VALUES (381, 8, '151800151', '张佳仪', 1, '431225199712090025', '15312351563', 18, '15届', NULL, NULL);
INSERT INTO `student` VALUES (382, 8, '151800152', '张婷', 1, '433130199508272128', '15312351563', 18, '15届', NULL, NULL);
INSERT INTO `student` VALUES (383, 8, '151800153', '章添柱', 0, '43012119970402101X', '15312351563', 18, '15届', NULL, NULL);
INSERT INTO `student` VALUES (384, 8, '151800154', '邹群', 1, '430281199609227863', '15312351563', 18, '15届', NULL, NULL);
INSERT INTO `student` VALUES (385, 9, '151900101', '左易烊', 0, '430482199609029274', '15312351563', 18, '15届', NULL, NULL);
INSERT INTO `student` VALUES (386, 9, '151900102', '白依璐', 1, '430725199710150027', '15312351563', 18, '15届', NULL, NULL);
INSERT INTO `student` VALUES (387, 9, '151900103', '陈孝兰', 1, '430726199801290048', '15312351563', 18, '15届', NULL, NULL);
INSERT INTO `student` VALUES (388, 9, '151900104', '陈艳', 1, '431021199605218541', '15312351563', 18, '15届', NULL, NULL);
INSERT INTO `student` VALUES (389, 9, '151900105', '陈瑶', 1, '430811199610211221', '15312351563', 18, '15届', NULL, NULL);
INSERT INTO `student` VALUES (390, 9, '151900106', '邓淑文', 1, '43112119960219472X', '15312351563', 18, '15届', NULL, NULL);
INSERT INTO `student` VALUES (391, 9, '151900107', '郭蓉', 1, '430902199803186041', '15312351563', 18, '15届', NULL, NULL);
INSERT INTO `student` VALUES (392, 9, '151900108', '何雅婷', 1, '430725199704177725', '15312351563', 18, '15届', NULL, NULL);
INSERT INTO `student` VALUES (393, 9, '151900109', '雷李玲', 1, '431127199612124723', '15312351563', 18, '15届', NULL, NULL);
INSERT INTO `student` VALUES (394, 9, '151900110', '雷雅楠', 1, '431221199709153261', '15312351563', 18, '15届', NULL, NULL);
INSERT INTO `student` VALUES (395, 9, '151900111', '李丹', 1, '43081119971023122X', '15312351563', 18, '15届', NULL, NULL);
INSERT INTO `student` VALUES (396, 9, '151900112', '刘晶', 1, '431103199707297829', '15312351563', 18, '15届', NULL, NULL);
INSERT INTO `student` VALUES (397, 9, '151900113', '刘启星', 0, '430421199704049078', '15312351563', 18, '15届', NULL, NULL);
INSERT INTO `student` VALUES (398, 9, '151900114', '刘娅', 1, '500234199405081720', '15312351563', 18, '15届', NULL, NULL);
INSERT INTO `student` VALUES (399, 9, '151900115', '刘征', 0, '430522199612146577', '15312351563', 18, '15届', NULL, NULL);
INSERT INTO `student` VALUES (400, 9, '151900116', '龙伟康', 0, '430223199712242216', '15312351563', 18, '15届', NULL, NULL);
INSERT INTO `student` VALUES (401, 9, '151900117', '明虹月', 1, '433130199609292128', '15312351563', 18, '15届', NULL, NULL);
INSERT INTO `student` VALUES (402, 9, '151900118', '潘玲', 1, '430921199707157928', '15312351563', 18, '15届', NULL, NULL);
INSERT INTO `student` VALUES (403, 9, '151900119', '潘思', 1, '430725199602217028', '15312351563', 18, '15届', NULL, NULL);
INSERT INTO `student` VALUES (404, 9, '151900120', '彭静', 1, '430426199703040487', '15312351563', 18, '15届', NULL, NULL);
INSERT INTO `student` VALUES (405, 9, '151900121', '唐雨微', 1, '430224199601111228', '15312351563', 18, '15届', NULL, NULL);
INSERT INTO `student` VALUES (406, 9, '151900122', '王超君', 1, '431222199412020122', '15312351563', 18, '15届', NULL, NULL);
INSERT INTO `student` VALUES (407, 9, '151900123', '王舒琴', 1, '430424199706275027', '15312351563', 18, '15届', NULL, NULL);
INSERT INTO `student` VALUES (408, 9, '151900124', '王思念', 1, '430181199605283029', '15312351563', 18, '15届', NULL, NULL);
INSERT INTO `student` VALUES (409, 9, '151900125', '吴雅倩', 1, '430624199701146745', '15312351563', 18, '15届', NULL, NULL);
INSERT INTO `student` VALUES (410, 9, '151900126', '伍思宇', 1, '430726199710125901', '15312351563', 18, '15届', NULL, NULL);
INSERT INTO `student` VALUES (411, 9, '151900127', '向梦阳', 1, '430723199710050824', '15312351563', 18, '15届', NULL, NULL);
INSERT INTO `student` VALUES (412, 9, '151900128', '熊静', 1, '43048119981019876X', '15312351563', 18, '15届', NULL, NULL);
INSERT INTO `student` VALUES (413, 9, '151900129', '杨启航', 0, '430624199608028939', '15312351563', 18, '15届', NULL, NULL);
INSERT INTO `student` VALUES (414, 9, '151900130', '杨婷婷', 1, '430725199702210026', '15312351563', 18, '15届', NULL, NULL);
INSERT INTO `student` VALUES (415, 9, '151900131', '钟美玲', 1, '43122819970306262X', '15312351563', 18, '15届', NULL, NULL);
INSERT INTO `student` VALUES (416, 9, '151900132', '周娟', 1, '431103199607064227', '15312351563', 18, '15届', NULL, NULL);
INSERT INTO `student` VALUES (417, 9, '151900133', '邹志斌', 0, '431121199602027710', '15312351563', 18, '15届', NULL, NULL);
INSERT INTO `student` VALUES (418, 9, '151900134', '刘细彬', 1, '430521199609066625', '15312351563', 18, '15届', NULL, NULL);
INSERT INTO `student` VALUES (419, 9, '151900135', '徐伟翔', 0, '431103199603160318', '15312351563', 18, '15届', NULL, NULL);
INSERT INTO `student` VALUES (420, 9, '151900136', '韦梦丽', 1, '452427199506243324', '15312351563', 18, '15届', NULL, NULL);
INSERT INTO `student` VALUES (421, 9, '151900137', '陈杰', 1, '431103199704112729', '15312351563', 18, '15届', NULL, NULL);
INSERT INTO `student` VALUES (422, 9, '151900138', '陈莉', 1, '431103199701155125', '15312351563', 18, '15届', NULL, NULL);
INSERT INTO `student` VALUES (423, 9, '151900139', '邓凛睿', 1, '430811199609020428', '15312351563', 18, '15届', NULL, NULL);
INSERT INTO `student` VALUES (424, 9, '151900140', '邓敏慧', 1, '430523199603185845', '15312351563', 18, '15届', NULL, NULL);
INSERT INTO `student` VALUES (425, 9, '151900141', '郭梦思', 1, '430725199710206326', '15312351563', 18, '15届', NULL, NULL);
INSERT INTO `student` VALUES (426, 9, '151900142', '何志鹏', 0, '430703199709275051', '15312351563', 18, '15届', NULL, NULL);
INSERT INTO `student` VALUES (427, 9, '151900143', '贺佩瑶', 1, '430281199711025029', '15312351563', 18, '15届', NULL, NULL);

-- ----------------------------
-- Table structure for studentselection
-- ----------------------------
DROP TABLE IF EXISTS `studentselection`;
CREATE TABLE `studentselection`  (
  `id` int(11) NOT NULL AUTO_INCREMENT,
  `SID` int(11) NOT NULL,
  `CID` int(11) NOT NULL,
  `reason` varchar(255) CHARACTER SET utf8 COLLATE utf8_general_ci NULL DEFAULT NULL,
  `mark` int(11) NOT NULL,
  `reserve1` int(11) NULL DEFAULT NULL,
  `reserve2` varchar(50) CHARACTER SET utf8 COLLATE utf8_general_ci NULL DEFAULT NULL,
  PRIMARY KEY (`id`) USING BTREE,
  INDEX `studentselection_ibfk_1`(`SID`) USING BTREE,
  INDEX `studentselection_ibfk_2`(`CID`) USING BTREE,
  CONSTRAINT `FKk7v88gixehqlmaqmcp5udc2lm` FOREIGN KEY (`CID`) REFERENCES `course` (`id`) ON DELETE RESTRICT ON UPDATE RESTRICT,
  CONSTRAINT `FKlsu6oqh0jhjnytrhybnualoub` FOREIGN KEY (`SID`) REFERENCES `student` (`id`) ON DELETE RESTRICT ON UPDATE RESTRICT,
  CONSTRAINT `studentselection_ibfk_1` FOREIGN KEY (`SID`) REFERENCES `student` (`id`) ON DELETE RESTRICT ON UPDATE RESTRICT,
  CONSTRAINT `studentselection_ibfk_2` FOREIGN KEY (`CID`) REFERENCES `course` (`id`) ON DELETE RESTRICT ON UPDATE RESTRICT
) ENGINE = InnoDB AUTO_INCREMENT = 4 CHARACTER SET = utf8 COLLATE = utf8_general_ci ROW_FORMAT = Compact;

-- ----------------------------
-- Records of studentselection
-- ----------------------------
INSERT INTO `studentselection` VALUES (1, 1, 1, '', 1, NULL, NULL);
INSERT INTO `studentselection` VALUES (2, 1, 2, '', 1, NULL, NULL);
INSERT INTO `studentselection` VALUES (3, 1, 3, '', 1, NULL, NULL);

-- ----------------------------
-- Table structure for teach
-- ----------------------------
DROP TABLE IF EXISTS `teach`;
CREATE TABLE `teach`  (
  `id` int(11) NOT NULL AUTO_INCREMENT,
  `TID` int(11) NOT NULL,
  `CID` int(11) NOT NULL,
  `reserve1` int(11) NULL DEFAULT NULL,
  `reserve2` varchar(50) CHARACTER SET utf8 COLLATE utf8_general_ci NULL DEFAULT NULL,
  PRIMARY KEY (`id`) USING BTREE,
  INDEX `teach_ibfk_1`(`TID`) USING BTREE,
  INDEX `teach_ibfk_2`(`CID`) USING BTREE,
  CONSTRAINT `FKhqd6jgxcdpyqwvmo018l1w0b5` FOREIGN KEY (`CID`) REFERENCES `course` (`id`) ON DELETE RESTRICT ON UPDATE RESTRICT,
  CONSTRAINT `FKnn7uw5hq4yd52vvulcvfagx3q` FOREIGN KEY (`TID`) REFERENCES `teacher` (`id`) ON DELETE RESTRICT ON UPDATE RESTRICT,
  CONSTRAINT `teach_ibfk_1` FOREIGN KEY (`TID`) REFERENCES `teacher` (`id`) ON DELETE RESTRICT ON UPDATE RESTRICT,
  CONSTRAINT `teach_ibfk_2` FOREIGN KEY (`CID`) REFERENCES `course` (`id`) ON DELETE RESTRICT ON UPDATE RESTRICT
) ENGINE = InnoDB AUTO_INCREMENT = 43 CHARACTER SET = utf8 COLLATE = utf8_general_ci ROW_FORMAT = Compact;

-- ----------------------------
-- Records of teach
-- ----------------------------
INSERT INTO `teach` VALUES (1, 1, 1, NULL, NULL);
INSERT INTO `teach` VALUES (2, 2, 2, NULL, NULL);
INSERT INTO `teach` VALUES (3, 3, 3, NULL, NULL);
INSERT INTO `teach` VALUES (4, 4, 4, NULL, NULL);
INSERT INTO `teach` VALUES (5, 5, 1, NULL, NULL);
INSERT INTO `teach` VALUES (6, 6, 2, NULL, NULL);
INSERT INTO `teach` VALUES (7, 7, 3, NULL, NULL);
INSERT INTO `teach` VALUES (8, 8, 4, NULL, NULL);
INSERT INTO `teach` VALUES (9, 9, 1, NULL, NULL);
INSERT INTO `teach` VALUES (10, 10, 2, NULL, NULL);
INSERT INTO `teach` VALUES (11, 11, 3, NULL, NULL);
INSERT INTO `teach` VALUES (12, 12, 4, NULL, NULL);
INSERT INTO `teach` VALUES (13, 13, 5, NULL, NULL);
INSERT INTO `teach` VALUES (14, 14, 6, NULL, NULL);
INSERT INTO `teach` VALUES (15, 15, 7, NULL, NULL);
INSERT INTO `teach` VALUES (16, 16, 8, NULL, NULL);
INSERT INTO `teach` VALUES (17, 17, 5, NULL, NULL);
INSERT INTO `teach` VALUES (18, 18, 6, NULL, NULL);
INSERT INTO `teach` VALUES (19, 19, 7, NULL, NULL);
INSERT INTO `teach` VALUES (20, 20, 8, NULL, NULL);
INSERT INTO `teach` VALUES (21, 21, 5, NULL, NULL);
INSERT INTO `teach` VALUES (22, 22, 6, NULL, NULL);
INSERT INTO `teach` VALUES (23, 23, 7, NULL, NULL);
INSERT INTO `teach` VALUES (24, 24, 8, NULL, NULL);
INSERT INTO `teach` VALUES (25, 25, 9, NULL, NULL);
INSERT INTO `teach` VALUES (26, 26, 10, NULL, NULL);
INSERT INTO `teach` VALUES (27, 27, 11, NULL, NULL);
INSERT INTO `teach` VALUES (28, 28, 12, NULL, NULL);
INSERT INTO `teach` VALUES (29, 29, 9, NULL, NULL);
INSERT INTO `teach` VALUES (30, 30, 10, NULL, NULL);
INSERT INTO `teach` VALUES (31, 31, 11, NULL, NULL);
INSERT INTO `teach` VALUES (32, 32, 12, NULL, NULL);
INSERT INTO `teach` VALUES (33, 33, 9, NULL, NULL);
INSERT INTO `teach` VALUES (34, 34, 10, NULL, NULL);
INSERT INTO `teach` VALUES (35, 35, 11, NULL, NULL);
INSERT INTO `teach` VALUES (36, 36, 12, NULL, NULL);
INSERT INTO `teach` VALUES (37, 37, 9, NULL, NULL);
INSERT INTO `teach` VALUES (38, 38, 10, NULL, NULL);
INSERT INTO `teach` VALUES (39, 39, 11, NULL, NULL);
INSERT INTO `teach` VALUES (40, 40, 12, NULL, NULL);
INSERT INTO `teach` VALUES (41, 41, 13, NULL, NULL);
INSERT INTO `teach` VALUES (42, 42, 14, NULL, NULL);

-- ----------------------------
-- Table structure for teacher
-- ----------------------------
DROP TABLE IF EXISTS `teacher`;
CREATE TABLE `teacher`  (
  `id` int(11) NOT NULL AUTO_INCREMENT,
  `PID` int(11) NOT NULL,
  `code` varchar(20) CHARACTER SET utf8 COLLATE utf8_general_ci NOT NULL,
  `status` int(11) NOT NULL,
  `name` varchar(20) CHARACTER SET utf8 COLLATE utf8_general_ci NOT NULL,
  `gender` int(11) NOT NULL,
  `position` varchar(20) CHARACTER SET utf8 COLLATE utf8_general_ci NULL DEFAULT NULL,
  `phone` varchar(15) CHARACTER SET utf8 COLLATE utf8_general_ci NULL DEFAULT NULL,
  `age` int(11) NOT NULL,
  `mark` int(11) NOT NULL,
  `reserve1` int(11) NULL DEFAULT NULL,
  `reserve2` varchar(50) CHARACTER SET utf8 COLLATE utf8_general_ci NULL DEFAULT NULL,
  PRIMARY KEY (`id`) USING BTREE,
  UNIQUE INDEX `UK_fbgbhsfeo9ix0av57dg8vppw0`(`code`) USING BTREE,
  UNIQUE INDEX `UKfbgbhsfeo9ix0av57dg8vppw0`(`code`) USING BTREE,
  INDEX `teacher_ibfk_1`(`PID`) USING BTREE,
  CONSTRAINT `FK56qyhwfusnogd0jrtm4e77knt` FOREIGN KEY (`PID`) REFERENCES `profession` (`id`) ON DELETE RESTRICT ON UPDATE RESTRICT,
  CONSTRAINT `teacher_ibfk_1` FOREIGN KEY (`PID`) REFERENCES `profession` (`id`) ON DELETE RESTRICT ON UPDATE RESTRICT
) ENGINE = InnoDB AUTO_INCREMENT = 43 CHARACTER SET = utf8 COLLATE = utf8_general_ci ROW_FORMAT = Compact;

-- ----------------------------
-- Records of teacher
-- ----------------------------
INSERT INTO `teacher` VALUES (1, 11, '123030001', 1, '张杰', 0, '讲师', '13820136865', 34, 1, NULL, NULL);
INSERT INTO `teacher` VALUES (2, 11, '123030002', 1, '王娟', 1, '副教授', '18909685639', 45, 1, NULL, NULL);
INSERT INTO `teacher` VALUES (3, 11, '123030003', 1, '张军', 0, '教授', '13149354868', 36, 1, NULL, NULL);
INSERT INTO `teacher` VALUES (4, 11, '123030004', 1, '王刚', 1, '讲师', '13820136865', 34, 1, NULL, NULL);
INSERT INTO `teacher` VALUES (5, 11, '123030005', 1, '王平', 0, '讲师', '13820136865', 34, 1, NULL, NULL);
INSERT INTO `teacher` VALUES (6, 11, '123030006', 1, '张强', 0, '讲师', '13820136865', 34, 1, NULL, NULL);
INSERT INTO `teacher` VALUES (7, 11, '123030007', 1, '王敏', 1, '讲师', '13820136865', 34, 1, NULL, NULL);
INSERT INTO `teacher` VALUES (8, 11, '123030008', 1, '刘洋', 0, '教授', '13820136865', 34, 1, NULL, NULL);
INSERT INTO `teacher` VALUES (9, 11, '123030009', 1, '王静', 0, '讲师', '13820136865', 34, 1, NULL, NULL);
INSERT INTO `teacher` VALUES (10, 11, '123030010', 1, '王芳', 1, '讲师', '13820136865', 34, 1, NULL, NULL);
INSERT INTO `teacher` VALUES (11, 11, '123030011', 1, '张秀英', 0, '教授', '13820136865', 34, 1, NULL, NULL);
INSERT INTO `teacher` VALUES (12, 11, '123030012', 1, '刘杰', 1, '讲师', '13820136865', 34, 1, NULL, NULL);
INSERT INTO `teacher` VALUES (13, 11, '123030013', 1, '王秀兰', 0, '副教授', '13820136865', 34, 1, NULL, NULL);
INSERT INTO `teacher` VALUES (14, 12, '123030014', 1, '王勇', 1, '讲师', '13820136865', 34, 1, NULL, NULL);
INSERT INTO `teacher` VALUES (15, 12, '123030015', 1, '李强', 0, '讲师', '13820136865', 34, 1, NULL, NULL);
INSERT INTO `teacher` VALUES (16, 12, '123030016', 1, '李娟', 1, '副教授', '13820136865', 34, 1, NULL, NULL);
INSERT INTO `teacher` VALUES (17, 12, '123030017', 1, '张磊', 0, '讲师', '13820136865', 34, 1, NULL, NULL);
INSERT INTO `teacher` VALUES (18, 12, '123030018', 1, '李娜', 1, '讲师', '13820136865', 34, 1, NULL, NULL);
INSERT INTO `teacher` VALUES (19, 12, '123030019', 1, '王涛', 0, '副教授', '13820136865', 34, 1, NULL, NULL);
INSERT INTO `teacher` VALUES (20, 12, '123030020', 1, '李桂英', 1, '讲师', '13820136865', 34, 1, NULL, NULL);
INSERT INTO `teacher` VALUES (21, 12, '123030021', 1, '张杰2', 0, '讲师', '13820136865', 34, 1, NULL, NULL);
INSERT INTO `teacher` VALUES (22, 12, '123030022', 1, '王娟2', 1, '副教授', '18909685639', 45, 1, NULL, NULL);
INSERT INTO `teacher` VALUES (23, 12, '123030023', 1, '张军2', 0, '教授', '13149354868', 36, 1, NULL, NULL);
INSERT INTO `teacher` VALUES (24, 12, '123030024', 1, '王刚2', 1, '讲师', '13820136865', 34, 1, NULL, NULL);
INSERT INTO `teacher` VALUES (25, 12, '123030025', 1, '王平2', 0, '讲师', '13820136865', 34, 1, NULL, NULL);
INSERT INTO `teacher` VALUES (26, 12, '123030026', 1, '张强2', 0, '讲师', '13820136865', 34, 1, NULL, NULL);
INSERT INTO `teacher` VALUES (27, 13, '123030027', 1, '王敏2', 1, '讲师', '13820136865', 34, 1, NULL, NULL);
INSERT INTO `teacher` VALUES (28, 13, '123030028', 1, '刘洋2', 0, '教授', '13820136865', 34, 1, NULL, NULL);
INSERT INTO `teacher` VALUES (29, 13, '123030029', 1, '王静2', 0, '讲师', '13820136865', 34, 1, NULL, NULL);
INSERT INTO `teacher` VALUES (30, 13, '123030030', 1, '王芳2', 1, '讲师', '13820136865', 34, 1, NULL, NULL);
INSERT INTO `teacher` VALUES (31, 13, '123030031', 1, '张秀英2', 0, '教授', '13820136865', 34, 1, NULL, NULL);
INSERT INTO `teacher` VALUES (32, 13, '123030032', 1, '刘杰2', 1, '讲师', '13820136865', 34, 1, NULL, NULL);
INSERT INTO `teacher` VALUES (33, 13, '123030033', 2, '王秀兰2', 0, '副教授', '13820136865', 34, 1, NULL, NULL);
INSERT INTO `teacher` VALUES (34, 13, '123030034', 2, '王勇2', 1, '讲师', '13820136865', 34, 1, NULL, NULL);
INSERT INTO `teacher` VALUES (35, 13, '123030035', 2, '李强2', 0, '讲师', '13820136865', 34, 1, NULL, NULL);
INSERT INTO `teacher` VALUES (36, 13, '123030036', 2, '李娟2', 1, '副教授', '13820136865', 34, 1, NULL, NULL);
INSERT INTO `teacher` VALUES (37, 13, '123030037', 2, '张磊2', 0, '讲师', '13820136865', 34, 1, NULL, NULL);
INSERT INTO `teacher` VALUES (38, 13, '123030038', 2, '李娜2', 1, '讲师', '13820136865', 34, 1, NULL, NULL);
INSERT INTO `teacher` VALUES (39, 13, '123030039', 2, '王涛2', 0, '副教授', '13820136865', 34, 1, NULL, NULL);
INSERT INTO `teacher` VALUES (40, 13, '123030040', 2, '李桂英2', 1, '讲师', '13820136865', 34, 1, NULL, NULL);
INSERT INTO `teacher` VALUES (41, 1, '123030041', 1, '李桂平', 1, '讲师', '13820136865', 34, 1, NULL, NULL);
INSERT INTO `teacher` VALUES (42, 1, '123030042', 1, '李爱国', 1, '讲师', '13820136865', 34, 1, NULL, NULL);

SET FOREIGN_KEY_CHECKS = 1;
